date,ma,29,30,31,32,33,34,35,36,37,38,39,40,41,42,43,44,45,46,47,48,49,50,51,52,53,54,55,56,57,58,59,60,61,62,63,64,65,66,67,68,69,70,71,72,73,74,75,76,77,78,79,80,81,82,83,84,85,86,87,88,89,90,91,92,93,94,95,96,97,98,99,100,101,102
2021/3/20,275.070028,,,,,,,,,,,,,,,,,,,,,,,,,,,,,,,,,,,,,,,,,,,,,,,,,,,,,,,,,,,,,,,,,,,,,,,,,,
2021/3/21,279.5518207,,,,,,,,,,,,,,,,,,,,,,,,,,,,,,,,,,,,,,,,,,,,,,,,,,,,,,,,,,,,,,,,,,,,,,,,,,
2021/3/22,287.9551821,,,,,,,,,,,,,,,,,,,,,,,,,,,,,,,,,,,,,,,,,,,,,,,,,,,,,,,,,,,,,,,,,,,,,,,,,,
2021/3/23,293.557423,,,,,,,,,,,,,,,,,,,,,,,,,,,,,,,,,,,,,,,,,,,,,,,,,,,,,,,,,,,,,,,,,,,,,,,,,,
2021/3/24,301.9607843,,,,,,,,,,,,,,,,,,,,,,,,,,,,,,,,,,,,,,,,,,,,,,,,,,,,,,,,,,,,,,,,,,,,,,,,,,
2021/3/25,315.9663866,,,,,,,,,,,,,,,,,,,,,,,,,,,,,,,,,,,,,,,,,,,,,,,,,,,,,,,,,,,,,,,,,,,,,,,,,,
2021/3/26,322.1288515,,,,,,,,,,,,,,,,,,,,,,,,,,,,,,,,,,,,,,,,,,,,,,,,,,,,,,,,,,,,,,,,,,,,,,,,,,
2021/3/27,333.3333333,,,,,,,,,,,,,,,,,,,,,,,,,,,,,,,,,,,,,,,,,,,,,,,,,,,,,,,,,,,,,,,,,,,,,,,,,,
2021/3/28,335.0140056,,,,,,,,,,,,,,,,,,,,,,,,,,,,,,,,,,,,,,,,,,,,,,,,,,,,,,,,,,,,,,,,,,,,,,,,,,
2021/3/29,339.4957983,,,,,,,,,,,,,,,,,,,,,,,,,,,,,,,,,,,,,,,,,,,,,,,,,,,,,,,,,,,,,,,,,,,,,,,,,,
2021/3/30,337.254902,,,,,,,,,,,,,,,,,,,,,,,,,,,,,,,,,,,,,,,,,,,,,,,,,,,,,,,,,,,,,,,,,,,,,,,,,,
2021/3/31,347.8991597,,,,,,,,,,,,,,,,,,,,,,,,,,,,,,,,,,,,,,,,,,,,,,,,,,,,,,,,,,,,,,,,,,,,,,,,,,
2021/4/1,353.5014006,,,,,,,,,,,,,,,,,,,,,,,,,,,,,,,,,,,,,,,,,,,,,,,,,,,,,,,,,,,,,,,,,,,,,,,,,,
2021/4/2,358.5434174,,,,,,,,,,,,,,,,,,,,,,,,,,,,,,,,,,,,,,,,,,,,,,,,,,,,,,,,,,,,,,,,,,,,,,,,,,
2021/4/3,365.2661064,,,,,,,,,,,,,,,,,,,,,,,,,,,,,,,,,,,,,,,,,,,,,,,,,,,,,,,,,,,,,,,,,,,,,,,,,,
2021/4/4,368.627451,,,,,,,,,,,,,,,,,,,,,,,,,,,,,,,,,,,,,,,,,,,,,,,,,,,,,,,,,,,,,,,,,,,,,,,,,,
2021/4/5,370.8683473,,,,,,,,,,,,,,,,,,,,,,,,,,,,,,,,,,,,,,,,,,,,,,,,,,,,,,,,,,,,,,,,,,,,,,,,,,
2021/4/6,380.952381,,,,,,,,,,,,,,,,,,,,,,,,,,,,,,,,,,,,,,,,,,,,,,,,,,,,,,,,,,,,,,,,,,,,,,,,,,
2021/4/7,389.9159664,,,,,,,,,,,,,,,,,,,,,,,,,,,,,,,,,,,,,,,,,,,,,,,,,,,,,,,,,,,,,,,,,,,,,,,,,,
2021/4/8,403.9215686,,,,,,,,,,,,,,,,,,,,,,,,,,,,,,,,,,,,,,,,,,,,,,,,,,,,,,,,,,,,,,,,,,,,,,,,,,
2021/4/9,420.7282913,,,,,,,,,,,,,,,,,,,,,,,,,,,,,,,,,,,,,,,,,,,,,,,,,,,,,,,,,,,,,,,,,,,,,,,,,,
2021/4/10,422.4089636,,,,,,,,,,,,,,,,,,,,,,,,,,,,,,,,,,,,,,,,,,,,,,,,,,,,,,,,,,,,,,,,,,,,,,,,,,
2021/4/11,429.1316527,,,,,,,,,,,,,,,,,,,,,,,,,,,,,,,,,,,,,,,,,,,,,,,,,,,,,,,,,,,,,,,,,,,,,,,,,,
2021/4/12,447.0588235,332,,,,,,,,,,,,,,,,,,,,,,,,,,,,,,,,,,,,,,,,,,,,,,,,,,,,,,,,,,,,,,,,,,,,,,,,,
2021/4/13,462.745098,331,,,,,,,,,,,,,,,,,,,,,,,,,,,,,,,,,,,,,,,,,,,,,,,,,,,,,,,,,,,,,,,,,,,,,,,,,
2021/4/14,479.5518207,329,,,,,,,,,,,,,,,,,,,,,,,,,,,,,,,,,,,,,,,,,,,,,,,,,,,,,,,,,,,,,,,,,,,,,,,,,
2021/4/15,504.2016807,328,,,,,,,,,,,,,,,,,,,,,,,,,,,,,,,,,,,,,,,,,,,,,,,,,,,,,,,,,,,,,,,,,,,,,,,,,
2021/4/16,530.5322129,327,,,,,,,,,,,,,,,,,,,,,,,,,,,,,,,,,,,,,,,,,,,,,,,,,,,,,,,,,,,,,,,,,,,,,,,,,
2021/4/17,551.8207283,326,543,,,,,,,,,,,,,,,,,,,,,,,,,,,,,,,,,,,,,,,,,,,,,,,,,,,,,,,,,,,,,,,,,,,,,,,,
2021/4/18,568.627451,326,556,,,,,,,,,,,,,,,,,,,,,,,,,,,,,,,,,,,,,,,,,,,,,,,,,,,,,,,,,,,,,,,,,,,,,,,,
2021/4/19,588.3703679,,571,,,,,,,,,,,,,,,,,,,,,,,,,,,,,,,,,,,,,,,,,,,,,,,,,,,,,,,,,,,,,,,,,,,,,,,,
2021/4/20,622.3668914,,585,,,,,,,,,,,,,,,,,,,,,,,,,,,,,,,,,,,,,,,,,,,,,,,,,,,,,,,,,,,,,,,,,,,,,,,,
2021/4/21,643.3764019,,599,,,,,,,,,,,,,,,,,,,,,,,,,,,,,,,,,,,,,,,,,,,,,,,,,,,,,,,,,,,,,,,,,,,,,,,,
2021/4/22,650.3537383,,614,,,,,,,,,,,,,,,,,,,,,,,,,,,,,,,,,,,,,,,,,,,,,,,,,,,,,,,,,,,,,,,,,,,,,,,,
2021/4/23,660.1986249,,629,,,,,,,,,,,,,,,,,,,,,,,,,,,,,,,,,,,,,,,,,,,,,,,,,,,,,,,,,,,,,,,,,,,,,,,,
2021/4/24,680.563767,,,,,,,,,,,,,,,,,,,,,,,,,,,,,,,,,,,,,,,,,,,,,,,,,,,,,,,,,,,,,,,,,,,,,,,,,,
2021/4/25,683.2298137,,,558,,,,,,,,,,,,,,,,,,,,,,,,,,,,,,,,,,,,,,,,,,,,,,,,,,,,,,,,,,,,,,,,,,,,,,,
2021/4/26,690.5702993,,,564,,,,,,,,,,,,,,,,,,,,,,,,,,,,,,,,,,,,,,,,,,,,,,,,,,,,,,,,,,,,,,,,,,,,,,,
2021/4/27,704.121965,,,569,,,,,,,,,,,,,,,,,,,,,,,,,,,,,,,,,,,,,,,,,,,,,,,,,,,,,,,,,,,,,,,,,,,,,,,
2021/4/28,744.2123094,,,575,,,,,,,,,,,,,,,,,,,,,,,,,,,,,,,,,,,,,,,,,,,,,,,,,,,,,,,,,,,,,,,,,,,,,,,
2021/4/29,726.1434218,,,582,,,,,,,,,,,,,,,,,,,,,,,,,,,,,,,,,,,,,,,,,,,,,,,,,,,,,,,,,,,,,,,,,,,,,,,
2021/4/30,752.6821005,,,589,,,,,,,,,,,,,,,,,,,,,,,,,,,,,,,,,,,,,,,,,,,,,,,,,,,,,,,,,,,,,,,,,,,,,,,
2021/5/1,784.8673066,,,595,,,,,,,,,,,,,,,,,,,,,,,,,,,,,,,,,,,,,,,,,,,,,,,,,,,,,,,,,,,,,,,,,,,,,,,
2021/5/2,829.474873,,,,1219,,,,,,,,,,,,,,,,,,,,,,,,,,,,,,,,,,,,,,,,,,,,,,,,,,,,,,,,,,,,,,,,,,,,,,
2021/5/3,809.1473744,,,,1291,,,,,,,,,,,,,,,,,,,,,,,,,,,,,,,,,,,,,,,,,,,,,,,,,,,,,,,,,,,,,,,,,,,,,,
2021/5/4,762.8458498,,,,1367,,,,,,,,,,,,,,,,,,,,,,,,,,,,,,,,,,,,,,,,,,,,,,,,,,,,,,,,,,,,,,,,,,,,,,
2021/5/5,691.6996047,,,,1451,,,,,,,,,,,,,,,,,,,,,,,,,,,,,,,,,,,,,,,,,,,,,,,,,,,,,,,,,,,,,,,,,,,,,,
2021/5/6,727.2727273,,,,1534,,,,,,,,,,,,,,,,,,,,,,,,,,,,,,,,,,,,,,,,,,,,,,,,,,,,,,,,,,,,,,,,,,,,,,
2021/5/7,749.8588368,,,,1625,,,,,,,,,,,,,,,,,,,,,,,,,,,,,,,,,,,,,,,,,,,,,,,,,,,,,,,,,,,,,,,,,,,,,,
2021/5/8,758.3286279,,,,1721,,,,,,,,,,,,,,,,,,,,,,,,,,,,,,,,,,,,,,,,,,,,,,,,,,,,,,,,,,,,,,,,,,,,,,
2021/5/9,727.216262,,,,,,,,,,,,,,,,,,,,,,,,,,,,,,,,,,,,,,,,,,,,,,,,,,,,,,,,,,,,,,,,,,,,,,,,,,
2021/5/10,767.7018634,,,,,,,,,,,,,,,,,,,,,,,,,,,,,,,,,,,,,,,,,,,,,,,,,,,,,,,,,,,,,,,,,,,,,,,,,,
2021/5/11,809.9943535,,,,,966,,,,,,,,,,,,,,,,,,,,,,,,,,,,,,,,,,,,,,,,,,,,,,,,,,,,,,,,,,,,,,,,,,,,,
2021/5/12,861.7165443,,,,,986,,,,,,,,,,,,,,,,,,,,,,,,,,,,,,,,,,,,,,,,,,,,,,,,,,,,,,,,,,,,,,,,,,,,,
2021/5/13,845.9062676,,,,,1008,,,,,,,,,,,,,,,,,,,,,,,,,,,,,,,,,,,,,,,,,,,,,,,,,,,,,,,,,,,,,,,,,,,,,
2021/5/14,786.9000565,,,,,1031,,,,,,,,,,,,,,,,,,,,,,,,,,,,,,,,,,,,,,,,,,,,,,,,,,,,,,,,,,,,,,,,,,,,,
2021/5/15,731.6770186,,,,,1053,,,,,,,,,,,,,,,,,,,,,,,,,,,,,,,,,,,,,,,,,,,,,,,,,,,,,,,,,,,,,,,,,,,,,
2021/5/16,713.0434783,,,,,1077,,,,,,,,,,,,,,,,,,,,,,,,,,,,,,,,,,,,,,,,,,,,,,,,,,,,,,,,,,,,,,,,,,,,,
2021/5/17,681.3664596,,,,,1099,920,,,,,,,,,,,,,,,,,,,,,,,,,,,,,,,,,,,,,,,,,,,,,,,,,,,,,,,,,,,,,,,,,,,,
2021/5/18,661.4906832,,,,,,928,,,,,,,,,,,,,,,,,,,,,,,,,,,,,,,,,,,,,,,,,,,,,,,,,,,,,,,,,,,,,,,,,,,,
2021/5/19,640.3726708,,,,,,937,,,,,,,,,,,,,,,,,,,,,,,,,,,,,,,,,,,,,,,,,,,,,,,,,,,,,,,,,,,,,,,,,,,,
2021/5/20,619.2546584,,,,,,945,,,,,,,,,,,,,,,,,,,,,,,,,,,,,,,,,,,,,,,,,,,,,,,,,,,,,,,,,,,,,,,,,,,,
2021/5/21,602.484472,,,,,,954,,,,,,,,,,,,,,,,,,,,,,,,,,,,,,,,,,,,,,,,,,,,,,,,,,,,,,,,,,,,,,,,,,,,
2021/5/22,589.4409938,,,,,,962,,,,,,,,,,,,,,,,,,,,,,,,,,,,,,,,,,,,,,,,,,,,,,,,,,,,,,,,,,,,,,,,,,,,
2021/5/23,578.2608696,,,,,,972,,,,,,,,,,,,,,,,,,,,,,,,,,,,,,,,,,,,,,,,,,,,,,,,,,,,,,,,,,,,,,,,,,,,
2021/5/24,563.9751553,,,,,,,1002,,,,,,,,,,,,,,,,,,,,,,,,,,,,,,,,,,,,,,,,,,,,,,,,,,,,,,,,,,,,,,,,,,,
2021/5/25,549.689441,,,,,,,1015,,,,,,,,,,,,,,,,,,,,,,,,,,,,,,,,,,,,,,,,,,,,,,,,,,,,,,,,,,,,,,,,,,,
2021/5/26,526.0869565,,,,,,,1028,,,,,,,,,,,,,,,,,,,,,,,,,,,,,,,,,,,,,,,,,,,,,,,,,,,,,,,,,,,,,,,,,,,
2021/5/27,523.6024845,,,,,,,1041,,,,,,,,,,,,,,,,,,,,,,,,,,,,,,,,,,,,,,,,,,,,,,,,,,,,,,,,,,,,,,,,,,,
2021/5/28,511.5001763,,,,,,,1054,,,,,,,,,,,,,,,,,,,,,,,,,,,,,,,,,,,,,,,,,,,,,,,,,,,,,,,,,,,,,,,,,,,
2021/5/29,503.0676178,,,,,,,1068,,,,,,,,,,,,,,,,,,,,,,,,,,,,,,,,,,,,,,,,,,,,,,,,,,,,,,,,,,,,,,,,,,,
2021/5/30,498.2424259,,,,,,,1081,,,,,,,,,,,,,,,,,,,,,,,,,,,,,,,,,,,,,,,,,,,,,,,,,,,,,,,,,,,,,,,,,,,
2021/5/31,487.943801,,,,,,,,344,,,,,,,,,,,,,,,,,,,,,,,,,,,,,,,,,,,,,,,,,,,,,,,,,,,,,,,,,,,,,,,,,,
2021/6/1,457.1699802,,,,,,,,325,,,,,,,,,,,,,,,,,,,,,,,,,,,,,,,,,,,,,,,,,,,,,,,,,,,,,,,,,,,,,,,,,,
2021/6/2,436.3231984,,,,,,,,308,,,,,,,,,,,,,,,,,,,,,,,,,,,,,,,,,,,,,,,,,,,,,,,,,,,,,,,,,,,,,,,,,,
2021/6/3,417.3424828,,,,,,,,290,,,,,,,,,,,,,,,,,,,,,,,,,,,,,,,,,,,,,,,,,,,,,,,,,,,,,,,,,,,,,,,,,,
2021/6/4,398.003743,,,,,,,,273,,,,,,,,,,,,,,,,,,,,,,,,,,,,,,,,,,,,,,,,,,,,,,,,,,,,,,,,,,,,,,,,,,
2021/6/5,382.407985,,,,,,,,256,,,,,,,,,,,,,,,,,,,,,,,,,,,,,,,,,,,,,,,,,,,,,,,,,,,,,,,,,,,,,,,,,,
2021/6/6,374.9220212,,,,,,,,239,,,,,,,,,,,,,,,,,,,,,,,,,,,,,,,,,,,,,,,,,,,,,,,,,,,,,,,,,,,,,,,,,,
2021/6/7,360.5739239,,,,,,,,,369,,,,,,,,,,,,,,,,,,,,,,,,,,,,,,,,,,,,,,,,,,,,,,,,,,,,,,,,,,,,,,,,,
2021/6/8,352.4641298,,,,,,,,,359,,,,,,,,,,,,,,,,,,,,,,,,,,,,,,,,,,,,,,,,,,,,,,,,,,,,,,,,,,,,,,,,,
2021/6/9,343.106675,,,,,,,,,349,,,,,,,,,,,,,,,,,,,,,,,,,,,,,,,,,,,,,,,,,,,,,,,,,,,,,,,,,,,,,,,,,
2021/6/10,336.2445415,,,,,,,,,339,,,,,,,,,,,,,,,,,,,,,,,,,,,,,,,,,,,,,,,,,,,,,,,,,,,,,,,,,,,,,,,,,
2021/6/11,344.9781659,,,,,,,,,329,,,,,,,,,,,,,,,,,,,,,,,,,,,,,,,,,,,,,,,,,,,,,,,,,,,,,,,,,,,,,,,,,
2021/6/12,341.235184,,,,,,,,,319,,,,,,,,,,,,,,,,,,,,,,,,,,,,,,,,,,,,,,,,,,,,,,,,,,,,,,,,,,,,,,,,,
2021/6/13,336.2445415,,,,,,,,,310,,,,,,,,,,,,,,,,,,,,,,,,,,,,,,,,,,,,,,,,,,,,,,,,,,,,,,,,,,,,,,,,,
2021/6/14,334.3730505,,,,,,,,,,258,,,,,,,,,,,,,,,,,,,,,,,,,,,,,,,,,,,,,,,,,,,,,,,,,,,,,,,,,,,,,,,,
2021/6/15,345.6019963,,,,,,,,,,246,,,,,,,,,,,,,,,,,,,,,,,,,,,,,,,,,,,,,,,,,,,,,,,,,,,,,,,,,,,,,,,,
2021/6/16,348.7211478,,,,,,,,,,234,,,,,,,,,,,,,,,,,,,,,,,,,,,,,,,,,,,,,,,,,,,,,,,,,,,,,,,,,,,,,,,,
2021/6/17,349.3449782,,,,,,,,,,223,,,,,,,,,,,,,,,,,,,,,,,,,,,,,,,,,,,,,,,,,,,,,,,,,,,,,,,,,,,,,,,,
2021/6/18,342.4828447,,,,,,,,,,213,,,,,,,,,,,,,,,,,,,,,,,,,,,,,,,,,,,,,,,,,,,,,,,,,,,,,,,,,,,,,,,,
2021/6/19,350.5926388,,,,,,,,,,203,,,,,,,,,,,,,,,,,,,,,,,,,,,,,,,,,,,,,,,,,,,,,,,,,,,,,,,,,,,,,,,,
2021/6/20,358.0786026,,,,,,,,,,194,,,,,,,,,,,,,,,,,,,,,,,,,,,,,,,,,,,,,,,,,,,,,,,,,,,,,,,,,,,,,,,,
2021/6/21,374.9220212,,,,,,,,,,,207,,,,,,,,,,,,,,,,,,,,,,,,,,,,,,,,,,,,,,,,,,,,,,,,,,,,,,,,,,,,,,,
2021/6/22,390.5177792,,,,,,,,,,,198,,,,,,,,,,,,,,,,,,,,,,,,,,,,,,,,,,,,,,,,,,,,,,,,,,,,,,,,,,,,,,,
2021/6/23,406.1135371,,,,,,,,,,,189,,,,,,,,,,,,,,,,,,,,,,,,,,,,,,,,,,,,,,,,,,,,,,,,,,,,,,,,,,,,,,,
2021/6/24,416.7186525,,,,,,,,,,,181,,,,,,,,,,,,,,,,,,,,,,,,,,,,,,,,,,,,,,,,,,,,,,,,,,,,,,,,,,,,,,,
2021/6/25,447.2863381,,,,,,,,,,,173,,,,,,,,,,,,,,,,,,,,,,,,,,,,,,,,,,,,,,,,,,,,,,,,,,,,,,,,,,,,,,,
2021/6/26,450.4054897,,,,,,,,,,,165,,,,,,,,,,,,,,,,,,,,,,,,,,,,,,,,,,,,,,,,,,,,,,,,,,,,,,,,,,,,,,,
2021/6/27,459.7629445,,,,,,,,,,,158,,,,,,,,,,,,,,,,,,,,,,,,,,,,,,,,,,,,,,,,,,,,,,,,,,,,,,,,,,,,,,,
2021/6/28,464.753587,,,,,,,,,,,,313,,,,,,,,,,,,,,,,,,,,,,,,,,,,,,,,,,,,,,,,,,,,,,,,,,,,,,,,,,,,,,
2021/6/29,482.2208359,,,,,,,,,,,,312,,,,,,,,,,,,,,,,,,,,,,,,,,,,,,,,,,,,,,,,,,,,,,,,,,,,,,,,,,,,,,
2021/6/30,499.0642545,,,,,,,,,,,,311,,,,,,,,,,,,,,,,,,,,,,,,,,,,,,,,,,,,,,,,,,,,,,,,,,,,,,,,,,,,,,
2021/7/1,525.8889582,,,,,,,,,,,,310,,,,,,,,,,,,,,,,,,,,,,,,,,,,,,,,,,,,,,,,,,,,,,,,,,,,,,,,,,,,,,
2021/7/2,537.1179039,,,,,,,,,,,,309,,,,,,,,,,,,,,,,,,,,,,,,,,,,,,,,,,,,,,,,,,,,,,,,,,,,,,,,,,,,,,
2021/7/3,558.3281347,,,,,,,,,,,,308,,,,,,,,,,,,,,,,,,,,,,,,,,,,,,,,,,,,,,,,,,,,,,,,,,,,,,,,,,,,,,
2021/7/4,567.0617592,,,,,,,,,,,,308,,,,,,,,,,,,,,,,,,,,,,,,,,,,,,,,,,,,,,,,,,,,,,,,,,,,,,,,,,,,,,
2021/7/5,584.4385289,,,,,,,,,,,,307,564,,,,,,,,,,,,,,,,,,,,,,,,,,,,,,,,,,,,,,,,,,,,,,,,,,,,,,,,,,,,,
2021/7/6,612.0584972,,,,,,,,,,,,307,581,,,,,,,,,,,,,,,,,,,,,,,,,,,,,,,,,,,,,,,,,,,,,,,,,,,,,,,,,,,,,
2021/7/7,647.7930217,,,,,,,,,,,,307,600,,,,,,,,,,,,,,,,,,,,,,,,,,,,,,,,,,,,,,,,,,,,,,,,,,,,,,,,,,,,,
2021/7/8,669.188973,,,,,,,,,,,,307,619,,,,,,,,,,,,,,,,,,,,,,,,,,,,,,,,,,,,,,,,,,,,,,,,,,,,,,,,,,,,,
2021/7/9,695.5660427,,,,,,,,,,,,307,638,,,,,,,,,,,,,,,,,,,,,,,,,,,,,,,,,,,,,,,,,,,,,,,,,,,,,,,,,,,,,
2021/7/10,717.9191687,,,,,,,,,,,,308,659,,,,,,,,,,,,,,,,,,,,,,,,,,,,,,,,,,,,,,,,,,,,,,,,,,,,,,,,,,,,,
2021/7/11,730.6434024,,,,,,,,,,,,308,680,,,,,,,,,,,,,,,,,,,,,,,,,,,,,,,,,,,,,,,,,,,,,,,,,,,,,,,,,,,,,
2021/7/12,763.3587786,,,,,,,,,,,,308,703,646,,,,,,,,,,,,,,,,,,,,,,,,,,,,,,,,,,,,,,,,,,,,,,,,,,,,,,,,,,,,
2021/7/13,804.7982552,,,,,,,,,,,,309,724,662,,,,,,,,,,,,,,,,,,,,,,,,,,,,,,,,,,,,,,,,,,,,,,,,,,,,,,,,,,,,
2021/7/14,859.3238822,,,,,,,,,,,,310,749,678,,,,,,,,,,,,,,,,,,,,,,,,,,,,,,,,,,,,,,,,,,,,,,,,,,,,,,,,,,,,
2021/7/15,924.7546347,,,,,,,,,,,,312,775,695,,,,,,,,,,,,,,,,,,,,,,,,,,,,,,,,,,,,,,,,,,,,,,,,,,,,,,,,,,,,
2021/7/16,1001.090513,,,,,,,,,,,,313,802,717,,,,,,,,,,,,,,,,,,,,,,,,,,,,,,,,,,,,,,,,,,,,,,,,,,,,,,,,,,,,
2021/7/17,1062.159215,,,,,,,,,,,,315,830,740,,,,,,,,,,,,,,,,,,,,,,,,,,,,,,,,,,,,,,,,,,,,,,,,,,,,,,,,,,,,
2021/7/18,1097.055616,,,,,,,,,,,,316,860,763,,,,,,,,,,,,,,,,,,,,,,,,,,,,,,,,,,,,,,,,,,,,,,,,,,,,,,,,,,,,
2021/7/19,1164.667394,,,,,,,,,,,,319,891,791,960,,,,,,,,,,,,,,,,,,,,,,,,,,,,,,,,,,,,,,,,,,,,,,,,,,,,,,,,,,,
2021/7/20,1258.451472,,,,,,,,,,,,321,922,817,996,,,,,,,,,,,,,,,,,,,,,,,,,,,,,,,,,,,,,,,,,,,,,,,,,,,,,,,,,,,
2021/7/21,1374.045802,,,,,,,,,,,,323,958,848,1030,,,,,,,,,,,,,,,,,,,,,,,,,,,,,,,,,,,,,,,,,,,,,,,,,,,,,,,,,,,
2021/7/22,1387.131952,,,,,,,,,,,,325,995,883,1067,,,,,,,,,,,,,,,,,,,,,,,,,,,,,,,,,,,,,,,,,,,,,,,,,,,,,,,,,,,
2021/7/23,1350.054526,,,,,,,,,,,,328,1031,915,1104,,,,,,,,,,,,,,,,,,,,,,,,,,,,,,,,,,,,,,,,,,,,,,,,,,,,,,,,,,,
2021/7/24,1472.19193,,,,,,,,,,,,330,1069,950,1143,,,,,,,,,,,,,,,,,,,,,,,,,,,,,,,,,,,,,,,,,,,,,,,,,,,,,,,,,,,
2021/7/25,1583.424209,,,,,,,,,,,,332,1116,988,1185,,,,,,,,,,,,,,,,,,,,,,,,,,,,,,,,,,,,,,,,,,,,,,,,,,,,,,,,,,,
2021/7/26,1808.069793,,,,,,,,,,,,335,1165,1027,1229,1417,,,,,,,,,,,,,,,,,,,,,,,,,,,,,,,,,,,,,,,,,,,,,,,,,,,,,,,,,,
2021/7/27,2056.706652,,,,,,,,,,,,,1211,1071,1271,1482,,,,,,,,,,,,,,,,,,,,,,,,,,,,,,,,,,,,,,,,,,,,,,,,,,,,,,,,,,
2021/7/28,2298.800436,,,,,,,,,,,,,1261,1117,1315,1551,,,,,,,,,,,,,,,,,,,,,,,,,,,,,,,,,,,,,,,,,,,,,,,,,,,,,,,,,,
2021/7/29,2623.773173,,,,,,,,,,,,,1306,1164,1362,1622,,,,,,,,,,,,,,,,,,,,,,,,,,,,,,,,,,,,,,,,,,,,,,,,,,,,,,,,,,
2021/7/30,3044.711014,,,,,,,,,,,,,1357,1210,1413,1697,,,,,,,,,,,,,,,,,,,,,,,,,,,,,,,,,,,,,,,,,,,,,,,,,,,,,,,,,,
2021/7/31,3264.994547,,,,,,,,,,,,,1408,1256,1477,1775,,,,,,,,,,,,,,,,,,,,,,,,,,,,,,,,,,,,,,,,,,,,,,,,,,,,,,,,,,
2021/8/1,3341.330425,,,,,,,,,,,,,1456,1303,1542,1857,,,,,,,,,,,,,,,,,,,,,,,,,,,,,,,,,,,,,,,,,,,,,,,,,,,,,,,,,,
2021/8/2,3459.10578,,,,,,,,,,,,,1504,1350,1612,1942,2451,,,,,,,,,,,,,,,,,,,,,,,,,,,,,,,,,,,,,,,,,,,,,,,,,,,,,,,,,
2021/8/3,3637.949836,,,,,,,,,,,,,,1397,1690,2031,2575,,,,,,,,,,,,,,,,,,,,,,,,,,,,,,,,,,,,,,,,,,,,,,,,,,,,,,,,,
2021/8/4,3792.802617,,,,,,,,,,,,,,1445,1766,2124,2706,,,,,,,,,,,,,,,,,,,,,,,,,,,,,,,,,,,,,,,,,,,,,,,,,,,,,,,,,
2021/8/5,3919.302072,,,,,,,,,,,,,,1492,1843,2222,2844,,,,,,,,,,,,,,,,,,,,,,,,,,,,,,,,,,,,,,,,,,,,,,,,,,,,,,,,,
2021/8/6,4034.896401,,,,,,,,,,,,,,1547,1922,2325,2990,,,,,,,,,,,,,,,,,,,,,,,,,,,,,,,,,,,,,,,,,,,,,,,,,,,,,,,,,
2021/8/7,4113.413304,,,,,,,,,,,,,,1604,1994,2432,3143,,,,,,,,,,,,,,,,,,,,,,,,,,,,,,,,,,,,,,,,,,,,,,,,,,,,,,,,,
2021/8/8,4176.663032,,,,,,,,,,,,,,1663,2069,2544,3303,,,,,,,,,,,,,,,,,,,,,,,,,,,,,,,,,,,,,,,,,,,,,,,,,,,,,,,,,
2021/8/9,3928.026172,,,,,,,,,,,,,,1724,2146,2661,3470,8650,,,,,,,,,,,,,,,,,,,,,,,,,,,,,,,,,,,,,,,,,,,,,,,,,,,,,,,,
2021/8/10,3928.026172,,,,,,,,,,,,,,,2224,2783,3647,9775,,,,,,,,,,,,,,,,,,,,,,,,,,,,,,,,,,,,,,,,,,,,,,,,,,,,,,,,
2021/8/11,4056.706652,,,,,,,,,,,,,,,2311,2911,3833,11046,,,,,,,,,,,,,,,,,,,,,,,,,,,,,,,,,,,,,,,,,,,,,,,,,,,,,,,,
2021/8/12,4226.826609,,,,,,,,,,,,,,,2403,3045,4029,12482,,,,,,,,,,,,,,,,,,,,,,,,,,,,,,,,,,,,,,,,,,,,,,,,,,,,,,,,
2021/8/13,4242.093784,,,,,,,,,,,,,,,2499,3186,4234,14105,,,,,,,,,,,,,,,,,,,,,,,,,,,,,,,,,,,,,,,,,,,,,,,,,,,,,,,,
2021/8/14,4270.44711,,,,,,,,,,,,,,,2598,3332,4450,15939,,,,,,,,,,,,,,,,,,,,,,,,,,,,,,,,,,,,,,,,,,,,,,,,,,,,,,,,
2021/8/15,4255.179935,,,,,,,,,,,,,,,2702,3485,4677,18012,,,,,,,,,,,,,,,,,,,,,,,,,,,,,,,,,,,,,,,,,,,,,,,,,,,,,,,,
2021/8/16,4615.049073,,,,,,,,,,,,,,,2809,3646,4915,20354,7542,,,,,,,,,,,,,,,,,,,,,,,,,,,,,,,,,,,,,,,,,,,,,,,,,,,,,,,
2021/8/17,4776.444929,,,,,,,,,,,,,,,,3814,5166,23000,8026,,,,,,,,,,,,,,,,,,,,,,,,,,,,,,,,,,,,,,,,,,,,,,,,,,,,,,,
2021/8/18,4750.272628,,,,,,,,,,,,,,,,3989,5429,25990,8537,,,,,,,,,,,,,,,,,,,,,,,,,,,,,,,,,,,,,,,,,,,,,,,,,,,,,,,
2021/8/19,4636.859324,,,,,,,,,,,,,,,,4173,5706,29369,9080,,,,,,,,,,,,,,,,,,,,,,,,,,,,,,,,,,,,,,,,,,,,,,,,,,,,,,,
2021/8/20,4654.307525,,,,,,,,,,,,,,,,4365,5997,33188,9657,,,,,,,,,,,,,,,,,,,,,,,,,,,,,,,,,,,,,,,,,,,,,,,,,,,,,,,
2021/8/21,4595.419847,,,,,,,,,,,,,,,,4565,6302,37503,10275,,,,,,,,,,,,,,,,,,,,,,,,,,,,,,,,,,,,,,,,,,,,,,,,,,,,,,,
2021/8/22,4551.799346,,,,,,,,,,,,,,,,4776,6624,42379,10934,,,,,,,,,,,,,,,,,,,,,,,,,,,,,,,,,,,,,,,,,,,,,,,,,,,,,,,
2021/8/23,4477.644493,,,,,,,,,,,,,,,,4982,6961,47888,11631,5004,,,,,,,,,,,,,,,,,,,,,,,,,,,,,,,,,,,,,,,,,,,,,,,,,,,,,,
2021/8/24,4268.266085,,,,,,,,,,,,,,,,,7316,54115,12369,5068,,,,,,,,,,,,,,,,,,,,,,,,,,,,,,,,,,,,,,,,,,,,,,,,,,,,,,
2021/8/25,4106.870229,,,,,,,,,,,,,,,,,7689,61151,13158,5133,,,,,,,,,,,,,,,,,,,,,,,,,,,,,,,,,,,,,,,,,,,,,,,,,,,,,,
2021/8/26,3930.207197,,,,,,,,,,,,,,,,,8081,69101,13997,5197,,,,,,,,,,,,,,,,,,,,,,,,,,,,,,,,,,,,,,,,,,,,,,,,,,,,,,
2021/8/27,3699.018539,,,,,,,,,,,,,,,,,8493,78085,14889,5261,,,,,,,,,,,,,,,,,,,,,,,,,,,,,,,,,,,,,,,,,,,,,,,,,,,,,,
2021/8/28,3563.794984,,,,,,,,,,,,,,,,,8925,88238,15838,5321,,,,,,,,,,,,,,,,,,,,,,,,,,,,,,,,,,,,,,,,,,,,,,,,,,,,,,
2021/8/29,3489.640131,,,,,,,,,,,,,,,,,9380,99710,16848,5384,,,,,,,,,,,,,,,,,,,,,,,,,,,,,,,,,,,,,,,,,,,,,,,,,,,,,,
2021/8/30,3334.78735,,,,,,,,,,,,,,,,,9858,112674,17922,5457,5704,,,,,,,,,,,,,,,,,,,,,,,,,,,,,,,,,,,,,,,,,,,,,,,,,,,,,
2021/8/31,3138.495093,,,,,,,,,,,,,,,,,,127324,19064,5525,5772,,,,,,,,,,,,,,,,,,,,,,,,,,,,,,,,,,,,,,,,,,,,,,,,,,,,,
2021/9/1,2905.125409,,,,,,,,,,,,,,,,,,143878,20279,5594,5836,,,,,,,,,,,,,,,,,,,,,,,,,,,,,,,,,,,,,,,,,,,,,,,,,,,,,
2021/9/2,2704.471101,,,,,,,,,,,,,,,,,,162584,21572,5661,5895,,,,,,,,,,,,,,,,,,,,,,,,,,,,,,,,,,,,,,,,,,,,,,,,,,,,,
2021/9/3,2503.816794,,,,,,,,,,,,,,,,,,183723,22947,5727,5949,,,,,,,,,,,,,,,,,,,,,,,,,,,,,,,,,,,,,,,,,,,,,,,,,,,,,
2021/9/4,2316.248637,,,,,,,,,,,,,,,,,,207610,24410,5792,5998,,,,,,,,,,,,,,,,,,,,,,,,,,,,,,,,,,,,,,,,,,,,,,,,,,,,,
2021/9/5,2211.559433,,,,,,,,,,,,,,,,,,234603,25966,5855,6036,,,,,,,,,,,,,,,,,,,,,,,,,,,,,,,,,,,,,,,,,,,,,,,,,,,,,
2021/9/6,2013.08615,,,,,,,,,,,,,,,,,,265105,27621,5910,6070,3110,,,,,,,,,,,,,,,,,,,,,,,,,,,,,,,,,,,,,,,,,,,,,,,,,,,,
2021/9/7,1821.155943,,,,,,,,,,,,,,,,,,,29382,5966,6102,3000,,,,,,,,,,,,,,,,,,,,,,,,,,,,,,,,,,,,,,,,,,,,,,,,,,,,
2021/9/8,1633.587786,,,,,,,,,,,,,,,,,,,31255,6019,6126,2888,,,,,,,,,,,,,,,,,,,,,,,,,,,,,,,,,,,,,,,,,,,,,,,,,,,,
2021/9/9,1467.82988,,,,,,,,,,,,,,,,,,,33247,6069,6143,2775,,,,,,,,,,,,,,,,,,,,,,,,,,,,,,,,,,,,,,,,,,,,,,,,,,,,
2021/9/10,1334.78735,,,,,,,,,,,,,,,,,,,35367,6120,6153,2655,,,,,,,,,,,,,,,,,,,,,,,,,,,,,,,,,,,,,,,,,,,,,,,,,,,,
2021/9/11,1251.908397,,,,,,,,,,,,,,,,,,,37621,6170,6155,2540,,,,,,,,,,,,,,,,,,,,,,,,,,,,,,,,,,,,,,,,,,,,,,,,,,,,
2021/9/12,1210.46892,,,,,,,,,,,,,,,,,,,40019,6220,6152,2431,,,,,,,,,,,,,,,,,,,,,,,,,,,,,,,,,,,,,,,,,,,,,,,,,,,,
2021/9/13,1129.984175,,,,,,,,,,,,,,,,,,,42570,6264,6143,2319,1470,,,,,,,,,,,,,,,,,,,,,,,,,,,,,,,,,,,,,,,,,,,,,,,,,,,
2021/9/14,1014.439042,,,,,,,,,,,,,,,,,,,,6304,6121,2205,1389,,,,,,,,,,,,,,,,,,,,,,,,,,,,,,,,,,,,,,,,,,,,,,,,,,,
2021/9/15,901.6980838,,,,,,,,,,,,,,,,,,,,6340,6094,2092,1311,,,,,,,,,,,,,,,,,,,,,,,,,,,,,,,,,,,,,,,,,,,,,,,,,,,
2021/9/16,830.560589,,,,,,,,,,,,,,,,,,,,6375,6062,1980,1237,,,,,,,,,,,,,,,,,,,,,,,,,,,,,,,,,,,,,,,,,,,,,,,,,,,
2021/9/17,754.9954494,,,,,,,,,,,,,,,,,,,,6406,6021,1870,1163,,,,,,,,,,,,,,,,,,,,,,,,,,,,,,,,,,,,,,,,,,,,,,,,,,,
2021/9/18,681.9721058,,,,,,,,,,,,,,,,,,,,6435,5975,1761,1094,,,,,,,,,,,,,,,,,,,,,,,,,,,,,,,,,,,,,,,,,,,,,,,,,,,
2021/9/19,644.4683136,,,,,,,,,,,,,,,,,,,,6460,5920,1648,1029,,,,,,,,,,,,,,,,,,,,,,,,,,,,,,,,,,,,,,,,,,,,,,,,,,,
2021/9/20,537.056928,,,,,,,,,,,,,,,,,,,,6519,5857,1539,963,,,,,,,,,,,,,,,,,,,,,,,,,,,,,,,,,,,,,,,,,,,,,,,,,,,
2021/9/21,453.2760473,,,,,,,,,,,,,,,,,,,,,5788,1437,903,477,,,,,,,,,,,,,,,,,,,,,,,,,,,,,,,,,,,,,,,,,,,,,,,,,,
2021/9/22,423.2008593,,,,,,,,,,,,,,,,,,,,,5717,1338,845,429,,,,,,,,,,,,,,,,,,,,,,,,,,,,,,,,,,,,,,,,,,,,,,,,,,
2021/9/23,363.0504834,,,,,,,,,,,,,,,,,,,,,5640,1243,790,385,,,,,,,,,,,,,,,,,,,,,,,,,,,,,,,,,,,,,,,,,,,,,,,,,,
2021/9/24,309.3447905,,,,,,,,,,,,,,,,,,,,,5552,1152,742,345,,,,,,,,,,,,,,,,,,,,,,,,,,,,,,,,,,,,,,,,,,,,,,,,,,
2021/9/25,277.1213749,,,,,,,,,,,,,,,,,,,,,5458,1065,694,308,,,,,,,,,,,,,,,,,,,,,,,,,,,,,,,,,,,,,,,,,,,,,,,,,,
2021/9/26,262.0837809,,,,,,,,,,,,,,,,,,,,,5360,982,650,277,,,,,,,,,,,,,,,,,,,,,,,,,,,,,,,,,,,,,,,,,,,,,,,,,,
2021/9/27,270.6766917,,,,,,,,,,,,,,,,,,,,,5259,904,607,246,,,,,,,,,,,,,,,,,,,,,,,,,,,,,,,,,,,,,,,,,,,,,,,,,,
2021/9/28,244.8979592,,,,,,,,,,,,,,,,,,,,,,830,567,218,,,,,,,,,,,,,,,,,,,,,,,,,,,,,,,,,,,,,,,,,,,,,,,,,,
2021/9/29,199.7851772,,,,,,,,,,,,,,,,,,,,,,759,527,192,,,,,,,,,,,,,,,,,,,,,,,,,,,,,,,,,,,,,,,,,,,,,,,,,,
2021/9/30,195.9862628,,,,,,,,,,,,,,,,,,,,,,693,491,169,174,,,,,,,,,,,,,,,,,,,,,,,,,,,,,,,,,,,,,,,,,,,,,,,,,
2021/10/1,181.6851014,,,,,,,,,,,,,,,,,,,,,,629,457,148,152,,,,,,,,,,,,,,,,,,,,,,,,,,,,,,,,,,,,,,,,,,,,,,,,,
2021/10/2,163.3209876,,,,,,,,,,,,,,,,,,,,,,570,426,127,133,,,,,,,,,,,,,,,,,,,,,,,,,,,,,,,,,,,,,,,,,,,,,,,,,
2021/10/3,161.1817408,,,,,,,,,,,,,,,,,,,,,,518,398,108,115,,,,,,,,,,,,,,,,,,,,,,,,,,,,,,,,,,,,,,,,,,,,,,,,,
2021/10/4,145.4400454,,,,,,,,,,,,,,,,,,,,,,470,371,92,100,,,,,,,,,,,,,,,,,,,,,,,,,,,,,,,,,,,,,,,,,,,,,,,,,
2021/10/5,135.9095302,,,,,,,,,,,,,,,,,,,,,,,344,79,87,,,,,,,,,,,,,,,,,,,,,,,,,,,,,,,,,,,,,,,,,,,,,,,,,
2021/10/6,130.9125657,,,,,,,,,,,,,,,,,,,,,,,319,67,74,,,,,,,,,,,,,,,,,,,,,,,,,,,,,,,,,,,,,,,,,,,,,,,,,
2021/10/7,119.2068801,,,,,,,,,,,,,,,,,,,,,,,295,55,63,,,,,,,,,,,,,,,,,,,,,,,,,,,,,,,,,,,,,,,,,,,,,,,,,
2021/10/8,105.112279,,,,,,,,,,,,,,,,,,,,,,,273,45,53,,,,,,,,,,,,,,,,,,,,,,,,,,,,,,,,,,,,,,,,,,,,,,,,,
2021/10/9,94.36215958,,,,,,,,,,,,,,,,,,,,,,,253,38,42,,,,,,,,,,,,,,,,,,,,,,,,,,,,,,,,,,,,,,,,,,,,,,,,,
2021/10/10,88.15097946,,,,,,,,,,,,,,,,,,,,,,,234,29,34,,,,,,,,,,,,,,,,,,,,,,,,,,,,,,,,,,,,,,,,,,,,,,,,,
2021/10/11,81.2231247,,,,,,,,,,,,,,,,,,,,,,,216,21,25,37,,,,,,,,,,,,,,,,,,,,,,,,,,,,,,,,,,,,,,,,,,,,,,,,
2021/10/12,68.80076445,,,,,,,,,,,,,,,,,,,,,,,,14,17,30,,,,,,,,,,,,,,,,,,,,,,,,,,,,,,,,,,,,,,,,,,,,,,,,
2021/10/13,57.09507883,,,,,,,,,,,,,,,,,,,,,,,,8,11,24,,,,,,,,,,,,,,,,,,,,,,,,,,,,,,,,,,,,,,,,,,,,,,,,
2021/10/14,52.07835643,,,,,,,,,,,,,,,,,,,,,,,,5,7,19,,,,,,,,,,,,,,,,,,,,,,,,,,,,,,,,,,,,,,,,,,,,,,,,
2021/10/15,50.88389871,,,,,,,,,,,,,,,,,,,,,,,,3,4,14,,,,,,,,,,,,,,,,,,,,,,,,,,,,,,,,,,,,,,,,,,,,,,,,
2021/10/16,48.97276636,,,,,,,,,,,,,,,,,,,,,,,,1,3,10,,,,,,,,,,,,,,,,,,,,,,,,,,,,,,,,,,,,,,,,,,,,,,,,
2021/10/17,46.82274247,,,,,,,,,,,,,,,,,,,,,,,,0,0,7,,,,,,,,,,,,,,,,,,,,,,,,,,,,,,,,,,,,,,,,,,,,,,,,
2021/10/18,44.1949355,,,,,,,,,,,,,,,,,,,,,,,,0,0,5,20,,,,,,,,,,,,,,,,,,,,,,,,,,,,,,,,,,,,,,,,,,,,,,,
2021/10/19,42.76158624,,,,,,,,,,,,,,,,,,,,,,,,0,0,3,15,,,,,,,,,,,,,,,,,,,,,,,,,,,,,,,,,,,,,,,,,,,,,,,
2021/10/20,39.65599618,,,,,,,,,,,,,,,,,,,,,,,,,0,1,10,,,,,,,,,,,,,,,,,,,,,,,,,,,,,,,,,,,,,,,,,,,,,,,
2021/10/21,35.83373149,,,,,,,,,,,,,,,,,,,,,,,,,0,0,7,,,,,,,,,,,,,,,,,,,,,,,,,,,,,,,,,,,,,,,,,,,,,,,
2021/10/22,31.77257525,,,,,,,,,,,,,,,,,,,,,,,,,0,0,5,,,,,,,,,,,,,,,,,,,,,,,,,,,,,,,,,,,,,,,,,,,,,,,
2021/10/23,29.14476828,,,,,,,,,,,,,,,,,,,,,,,,,0,0,4,,,,,,,,,,,,,,,,,,,,,,,,,,,,,,,,,,,,,,,,,,,,,,,
2021/10/24,28.90587673,,,,,,,,,,,,,,,,,,,,,,,,,0,0,2,,,,,,,,,,,,,,,,,,,,,,,,,,,,,,,,,,,,,,,,,,,,,,,
2021/10/25,27.47252747,,,,,,,,,,,,,,,,,,,,,,,,,0,0,0,0,,,,,,,,,,,,,,,,,,,,,,,,,,,,,,,,,,,,,,,,,,,,,,
2021/10/26,24.8447205,,,,,,,,,,,,,,,,,,,,,,,,,0,0,0,0,,,,,,,,,,,,,,,,,,,,,,,,,,,,,,,,,,,,,,,,,,,,,,
2021/10/27,24.36693741,,,,,,,,,,,,,,,,,,,,,,,,,0,0,0,0,,,,,,,,,,,,,,,,,,,,,,,,,,,,,,,,,,,,,,,,,,,,,,
2021/10/28,24.12804587,,,,,,,,,,,,,,,,,,,,,,,,,0,0,0,0,,,,,,,,,,,,,,,,,,,,,,,,,,,,,,,,,,,,,,,,,,,,,,
2021/10/29,21.73913043,,,,,,,,,,,,,,,,,,,,,,,,,,0,0,0,,,,,,,,,,,,,,,,,,,,,,,,,,,,,,,,,,,,,,,,,,,,,,
2021/10/30,21.73913043,,,,,,,,,,,,,,,,,,,,,,,,,,0,0,0,,,,,,,,,,,,,,,,,,,,,,,,,,,,,,,,,,,,,,,,,,,,,,
2021/10/31,21.50023889,,,,,,,,,,,,,,,,,,,,,,,,,,0,0,0,11,,,,,,,,,,,,,,,,,,,,,,,,,,,,,,,,,,,,,,,,,,,,,
2021/11/1,20.78356426,,,,,,,,,,,,,,,,,,,,,,,,,,0,0,0,9,,,,,,,,,,,,,,,,,,,,,,,,,,,,,,,,,,,,,,,,,,,,,
2021/11/2,20.86987346,,,,,,,,,,,,,,,,,,,,,,,,,,0,0,0,7,,,,,,,,,,,,,,,,,,,,,,,,,,,,,,,,,,,,,,,,,,,,,
2021/11/3,19.2151,,,,,,,,,,,,,,,,,,,,,,,,,,0,0,0,5,,,,,,,,,,,,,,,,,,,,,,,,,,,,,,,,,,,,,,,,,,,,,
2021/11/4,18.02115603,,,,,,,,,,,,,,,,,,,,,,,,,,0,0,0,2,,,,,,,,,,,,,,,,,,,,,,,,,,,,,,,,,,,,,,,,,,,,,
2021/11/5,19.38720466,,,,,,,,,,,,,,,,,,,,,,,,,,0,0,0,0,,,,,,,,,,,,,,,,,,,,,,,,,,,,,,,,,,,,,,,,,,,,,
2021/11/6,19.89992242,,,,,,,,,,,,,,,,,,,,,,,,,,0,0,0,0,,,,,,,,,,,,,,,,,,,,,,,,,,,,,,,,,,,,,,,,,,,,,
2021/11/7,19.67849822,,,,,,,,,,,,,,,,,,,,,,,,,,0,0,0,0,,,,,,,,,,,,,,,,,,,,,,,,,,,,,,,,,,,,,,,,,,,,,
2021/11/8,20.2764977,,,,,,,,,,,,,,,,,,,,,,,,,,0,0,0,0,,,,,,,,,,,,,,,,,,,,,,,,,,,,,,,,,,,,,,,,,,,,,
2021/11/9,18.89400922,,,,,,,,,,,,,,,,,,,,,,,,,,,0,0,0,,,,,,,,,,,,,,,,,,,,,,,,,,,,,,,,,,,,,,,,,,,,,
2021/11/10,20.73732719,,,,,,,,,,,,,,,,,,,,,,,,,,,0,0,0,,,,,,,,,,,,,,,,,,,,,,,,,,,,,,,,,,,,,,,,,,,,,
2021/11/11,21.04454685,,,,,,,,,,,,,,,,,,,,,,,,,,,0,0,0,,,,,,,,,,,,,,,,,,,,,,,,,,,,,,,,,,,,,,,,,,,,,
2021/11/12,19.96927803,,,,,,,,,,,,,,,,,,,,,,,,,,,0,0,0,,,,,,,,,,,,,,,,,,,,,,,,,,,,,,,,,,,,,,,,,,,,,
2021/11/13,19.04761905,,,,,,,,,,,,,,,,,,,,,,,,,,,0,0,0,,,,,,,,,,,,,,,,,,,,,,,,,,,,,,,,,,,,,,,,,,,,,
2021/11/14,18.12596006,,,,,,,,,,,,,,,,,,,,,,,,,,,0,0,0,0,,,,,,,,,,,,,,,,,,,,,,,,,,,,,,,,,,,,,,,,,,,,
2021/11/15,17.20430108,,,,,,,,,,,,,,,,,,,,,,,,,,,0,0,0,0,,,,,,,,,,,,,,,,,,,,,,,,,,,,,,,,,,,,,,,,,,,,
2021/11/16,17.51152074,,,,,,,,,,,,,,,,,,,,,,,,,,,,0,0,0,,,,,,,,,,,,,,,,,,,,,,,,,,,,,,,,,,,,,,,,,,,,
2021/11/17,16.12903226,,,,,,,,,,,,,,,,,,,,,,,,,,,,0,0,0,,,,,,,,,,,,,,,,,,,,,,,,,,,,,,,,,,,,,,,,,,,,
2021/11/18,15.66820276,,,,,,,,,,,,,,,,,,,,,,,,,,,,0,0,0,,,,,,,,,,,,,,,,,,,,,,,,,,,,,,,,,,,,,,,,,,,,
2021/11/19,15.51459293,,,,,,,,,,,,,,,,,,,,,,,,,,,,0,0,0,,,,,,,,,,,,,,,,,,,,,,,,,,,,,,,,,,,,,,,,,,,,
2021/11/20,15.66820276,,,,,,,,,,,,,,,,,,,,,,,,,,,,0,0,0,,,,,,,,,,,,,,,,,,,,,,,,,,,,,,,,,,,,,,,,,,,,
2021/11/21,15.3609831,,,,,,,,,,,,,,,,,,,,,,,,,,,,0,0,0,,,,,,,,,,,,,,,,,,,,,,,,,,,,,,,,,,,,,,,,,,,,
2021/11/22,15.51459293,,,,,,,,,,,,,,,,,,,,,,,,,,,,0,0,0,23,,,,,,,,,,,,,,,,,,,,,,,,,,,,,,,,,,,,,,,,,,,
2021/11/23,12.90322581,,,,,,,,,,,,,,,,,,,,,,,,,,,,,0,0,23,,,,,,,,,,,,,,,,,,,,,,,,,,,,,,,,,,,,,,,,,,,
2021/11/24,13.97849462,,,,,,,,,,,,,,,,,,,,,,,,,,,,,0,0,23,,,,,,,,,,,,,,,,,,,,,,,,,,,,,,,,,,,,,,,,,,,
2021/11/25,15.05376344,,,,,,,,,,,,,,,,,,,,,,,,,,,,,0,0,24,,,,,,,,,,,,,,,,,,,,,,,,,,,,,,,,,,,,,,,,,,,
2021/11/26,14.43932412,,,,,,,,,,,,,,,,,,,,,,,,,,,,,0,0,24,,,,,,,,,,,,,,,,,,,,,,,,,,,,,,,,,,,,,,,,,,,
2021/11/27,12.90322581,,,,,,,,,,,,,,,,,,,,,,,,,,,,,0,0,25,,,,,,,,,,,,,,,,,,,,,,,,,,,,,,,,,,,,,,,,,,,
2021/11/28,13.82488479,,,,,,,,,,,,,,,,,,,,,,,,,,,,,0,0,25,,,,,,,,,,,,,,,,,,,,,,,,,,,,,,,,,,,,,,,,,,,
2021/11/29,13.97849462,,,,,,,,,,,,,,,,,,,,,,,,,,,,,,0,26,,,,,,,,,,,,,,,,,,,,,,,,,,,,,,,,,,,,,,,,,,,
2021/11/30,16.58986175,,,,,,,,,,,,,,,,,,,,,,,,,,,,,,0,27,8,,,,,,,,,,,,,,,,,,,,,,,,,,,,,,,,,,,,,,,,,,
2021/12/1,14.90015361,,,,,,,,,,,,,,,,,,,,,,,,,,,,,,0,27,7,,,,,,,,,,,,,,,,,,,,,,,,,,,,,,,,,,,,,,,,,,
2021/12/2,13.82488479,,,,,,,,,,,,,,,,,,,,,,,,,,,,,,0,28,7,,,,,,,,,,,,,,,,,,,,,,,,,,,,,,,,,,,,,,,,,,
2021/12/3,14.59293395,,,,,,,,,,,,,,,,,,,,,,,,,,,,,,0,29,7,,,,,,,,,,,,,,,,,,,,,,,,,,,,,,,,,,,,,,,,,,
2021/12/4,15.97542243,,,,,,,,,,,,,,,,,,,,,,,,,,,,,,0,30,6,,,,,,,,,,,,,,,,,,,,,,,,,,,,,,,,,,,,,,,,,,
2021/12/5,15.20737327,,,,,,,,,,,,,,,,,,,,,,,,,,,,,,0,32,6,,,,,,,,,,,,,,,,,,,,,,,,,,,,,,,,,,,,,,,,,,
2021/12/6,14.43932412,,,,,,,,,,,,,,,,,,,,,,,,,,,,,,0,33,6,7,,,,,,,,,,,,,,,,,,,,,,,,,,,,,,,,,,,,,,,,,
2021/12/7,14.28571429,,,,,,,,,,,,,,,,,,,,,,,,,,,,,,0,34,6,7,,,,,,,,,,,,,,,,,,,,,,,,,,,,,,,,,,,,,,,,,
2021/12/8,15.66820276,,,,,,,,,,,,,,,,,,,,,,,,,,,,,,0,35,5,7,,,,,,,,,,,,,,,,,,,,,,,,,,,,,,,,,,,,,,,,,
2021/12/9,15.51459293,,,,,,,,,,,,,,,,,,,,,,,,,,,,,,0,37,5,6,,,,,,,,,,,,,,,,,,,,,,,,,,,,,,,,,,,,,,,,,
2021/12/10,15.8218126,,,,,,,,,,,,,,,,,,,,,,,,,,,,,,0,38,5,6,,,,,,,,,,,,,,,,,,,,,,,,,,,,,,,,,,,,,,,,,
2021/12/11,15.02518487,,,,,,,,,,,,,,,,,,,,,,,,,,,,,,0,40,5,6,,,,,,,,,,,,,,,,,,,,,,,,,,,,,,,,,,,,,,,,,
2021/12/12,16.07187511,,,,,,,,,,,,,,,,,,,,,,,,,,,,,,0,42,5,5,,,,,,,,,,,,,,,,,,,,,,,,,,,,,,,,,,,,,,,,,
2021/12/13,17.07620783,,,,,,,,,,,,,,,,,,,,,,,,,,,,,,,44,5,5,10,,,,,,,,,,,,,,,,,,,,,,,,,,,,,,,,,,,,,,,,
2021/12/14,18.90370552,,,,,,,,,,,,,,,,,,,,,,,,,,,,,,,46,4,5,10,,,,,,,,,,,,,,,,,,,,,,,,,,,,,,,,,,,,,,,,
2021/12/15,20.96850743,,,,,,,,,,,,,,,,,,,,,,,,,,,,,,,48,4,4,10,,,,,,,,,,,,,,,,,,,,,,,,,,,,,,,,,,,,,,,,
2021/12/16,22.4474486,,,,,,,,,,,,,,,,,,,,,,,,,,,,,,,50,4,4,10,,,,,,,,,,,,,,,,,,,,,,,,,,,,,,,,,,,,,,,,
2021/12/17,24.20503085,,,,,,,,,,,,,,,,,,,,,,,,,,,,,,,53,4,4,10,,,,,,,,,,,,,,,,,,,,,,,,,,,,,,,,,,,,,,,,
2021/12/18,27.28998576,,,,,,,,,,,,,,,,,,,,,,,,,,,,,,,56,3,3,10,,,,,,,,,,,,,,,,,,,,,,,,,,,,,,,,,,,,,,,,
2021/12/19,26.57807309,,,,,,,,,,,,,,,,,,,,,,,,,,,,,,,59,3,3,10,,,,,,,,,,,,,,,,,,,,,,,,,,,,,,,,,,,,,,,,
2021/12/20,29.18841955,,,,,,,,,,,,,,,,,,,,,,,,,,,,,,,62,3,3,9,11,,,,,,,,,,,,,,,,,,,,,,,,,,,,,,,,,,,,,,,
2021/12/21,29.90033223,,,,,,,,,,,,,,,,,,,,,,,,,,,,,,,,3,3,9,11,,,,,,,,,,,,,,,,,,,,,,,,,,,,,,,,,,,,,,,
2021/12/22,29.90033223,,,,,,,,,,,,,,,,,,,,,,,,,,,,,,,,2,3,9,11,,,,,,,,,,,,,,,,,,,,,,,,,,,,,,,,,,,,,,,
2021/12/23,30.6122449,,,,,,,,,,,,,,,,,,,,,,,,,,,,,,,,2,3,9,11,,,,,,,,,,,,,,,,,,,,,,,,,,,,,,,,,,,,,,,
2021/12/24,32.03607024,,,,,,,,,,,,,,,,,,,,,,,,,,,,,,,,2,2,8,11,,,,,,,,,,,,,,,,,,,,,,,,,,,,,,,,,,,,,,,
2021/12/25,32.51067869,,,,,,,,,,,,,,,,,,,,,,,,,,,,,,,,2,2,8,11,,,,,,,,,,,,,,,,,,,,,,,,,,,,,,,,,,,,,,,
2021/12/26,35.12102515,,,,,,,,,,,,,,,,,,,,,,,,,,,,,,,,2,2,8,10,41,,,,,,,,,,,,,,,,,,,,,,,,,,,,,,,,,,,,,,
2021/12/27,37.25676317,,,,,,,,,,,,,,,,,,,,,,,,,,,,,,,,2,2,8,10,41,,,,,,,,,,,,,,,,,,,,,,,,,,,,,,,,,,,,,,
2021/12/28,43.66397722,,,,,,,,,,,,,,,,,,,,,,,,,,,,,,,,2,2,8,10,43,,,,,,,,,,,,,,,,,,,,,,,,,,,,,,,,,,,,,,
2021/12/29,49.12197437,,,,,,,,,,,,,,,,,,,,,,,,,,,,,,,,,2,8,10,44,,,,,,,,,,,,,,,,,,,,,,,,,,,,,,,,,,,,,,
2021/12/30,56.47840532,,,,,,,,,,,,,,,,,,,,,,,,,,,,,,,,,2,8,10,45,,,,,,,,,,,,,,,,,,,,,,,,,,,,,,,,,,,,,,
2021/12/31,61.46179402,,,,,,,,,,,,,,,,,,,,,,,,,,,,,,,,,2,8,10,48,,,,,,,,,,,,,,,,,,,,,,,,,,,,,,,,,,,,,,
2022/1/1,63.31323688,,,,,,,,,,,,,,,,,,,,,,,,,,,,,,,,,2,8,10,51,,,,,,,,,,,,,,,,,,,,,,,,,,,,,,,,,,,,,,
2022/1/2,75.31237224,,,,,,,,,,,,,,,,,,,,,,,,,,,,,,,,,2,8,10,53,3,,,,,,,,,,,,,,,,,,,,,,,,,,,,,,,,,,,,,
2022/1/3,88.93504443,,,,,,,,,,,,,,,,,,,,,,,,,,,,,,,,,2,8,10,57,8,,,,,,,,,,,,,,,,,,,,,,,,,,,,,,,,,,,,,
2022/1/4,139.3046281,,,,,,,,,,,,,,,,,,,,,,,,,,,,,,,,,,8,10,60,14,,,,,,,,,,,,,,,,,,,,,,,,,,,,,,,,,,,,,
2022/1/5,230.7019976,,,,,,,,,,,,,,,,,,,,,,,,,,,,,,,,,,7,10,64,21,,,,,,,,,,,,,,,,,,,,,,,,,,,,,,,,,,,,,
2022/1/6,357.9252562,,,,,,,,,,,,,,,,,,,,,,,,,,,,,,,,,,7,10,68,28,,,,,,,,,,,,,,,,,,,,,,,,,,,,,,,,,,,,,
2022/1/7,543.1270519,,,,,,,,,,,,,,,,,,,,,,,,,,,,,,,,,,7,10,71,35,,,,,,,,,,,,,,,,,,,,,,,,,,,,,,,,,,,,,
2022/1/8,712.9880747,,,,,,,,,,,,,,,,,,,,,,,,,,,,,,,,,,7,10,74,44,,,,,,,,,,,,,,,,,,,,,,,,,,,,,,,,,,,,,
2022/1/9,835.0440549,,,,,,,,,,,,,,,,,,,,,,,,,,,,,,,,,,7,10,78,55,,,,,,,,,,,,,,,,,,,,,,,,,,,,,,,,,,,,,
2022/1/10,931.7830866,,,,,,,,,,,,,,,,,,,,,,,,,,,,,,,,,,7,10,83,65,,,,,,,,,,,,,,,,,,,,,,,,,,,,,,,,,,,,,
2022/1/11,1216.861529,,,,,,,,,,,,,,,,,,,,,,,,,,,,,,,,,,,10,89,74,97,,,,,,,,,,,,,,,,,,,,,,,,,,,,,,,,,,,,
2022/1/12,1658.928409,,,,,,,,,,,,,,,,,,,,,,,,,,,,,,,,,,,10,97,84,103,,,,,,,,,,,,,,,,,,,,,,,,,,,,,,,,,,,,
2022/1/13,2142.857143,,,,,,,,,,,,,,,,,,,,,,,,,,,,,,,,,,,10,104,96,110,,,,,,,,,,,,,,,,,,,,,,,,,,,,,,,,,,,,
2022/1/14,2699.868938,,,,,,,,,,,,,,,,,,,,,,,,,,,,,,,,,,,10,113,110,117,,,,,,,,,,,,,,,,,,,,,,,,,,,,,,,,,,,,
2022/1/15,3217.562254,,,,,,,,,,,,,,,,,,,,,,,,,,,,,,,,,,,10,123,126,125,,,,,,,,,,,,,,,,,,,,,,,,,,,,,,,,,,,,
2022/1/16,3525.557012,,,,,,,,,,,,,,,,,,,,,,,,,,,,,,,,,,,10,135,142,134,,,,,,,,,,,,,,,,,,,,,,,,,,,,,,,,,,,,
2022/1/17,4384.010485,,,,,,,,,,,,,,,,,,,,,,,,,,,,,,,,,,,10,146,160,143,,,,,,,,,,,,,,,,,,,,,,,,,,,,,,,,,,,,
2022/1/18,5360.419397,,,,,,,,,,,,,,,,,,,,,,,,,,,,,,,,,,,,159,179,153,1911,,,,,,,,,,,,,,,,,,,,,,,,,,,,,,,,,,,
2022/1/19,6290.95675,,,,,,,,,,,,,,,,,,,,,,,,,,,,,,,,,,,,172,201,164,2292,,,,,,,,,,,,,,,,,,,,,,,,,,,,,,,,,,,
2022/1/20,7136.304063,,,,,,,,,,,,,,,,,,,,,,,,,,,,,,,,,,,,187,225,175,2753,,,,,,,,,,,,,,,,,,,,,,,,,,,,,,,,,,,
2022/1/21,8158.584535,,,,,,,,,,,,,,,,,,,,,,,,,,,,,,,,,,,,204,250,187,3312,,,,,,,,,,,,,,,,,,,,,,,,,,,,,,,,,,,
2022/1/22,8925.294889,,,,,,,,,,,,,,,,,,,,,,,,,,,,,,,,,,,,221,279,201,3982,,,,,,,,,,,,,,,,,,,,,,,,,,,,,,,,,,,
2022/1/23,9436.435125,,,,,,,,,,,,,,,,,,,,,,,,,,,,,,,,,,,,242,310,215,4788,,,,,,,,,,,,,,,,,,,,,,,,,,,,,,,,,,,
2022/1/24,10688.07339,,,,,,,,,,,,,,,,,,,,,,,,,,,,,,,,,,,,263,344,230,5757,,,,,,,,,,,,,,,,,,,,,,,,,,,,,,,,,,,
2022/1/25,11598.95151,,,,,,,,,,,,,,,,,,,,,,,,,,,,,,,,,,,,,383,247,6924,,,,,,,,,,,,,,,,,,,,,,,,,,,,,,,,,,,
2022/1/26,12450.8519,,,,,,,,,,,,,,,,,,,,,,,,,,,,,,,,,,,,,427,265,8324,,,,,,,,,,,,,,,,,,,,,,,,,,,,,,,,,,,
2022/1/27,13394.49541,,,,,,,,,,,,,,,,,,,,,,,,,,,,,,,,,,,,,475,284,10005,,,,,,,,,,,,,,,,,,,,,,,,,,,,,,,,,,,
2022/1/28,14220.18349,,,,,,,,,,,,,,,,,,,,,,,,,,,,,,,,,,,,,527,305,12023,,,,,,,,,,,,,,,,,,,,,,,,,,,,,,,,,,,
2022/1/29,14934.4692,,,,,,,,,,,,,,,,,,,,,,,,,,,,,,,,,,,,,584,328,14452,,,,,,,,,,,,,,,,,,,,,,,,,,,,,,,,,,,
2022/1/30,15183.48624,,,,,,,,,,,,,,,,,,,,,,,,,,,,,,,,,,,,,650,353,17372,,,,,,,,,,,,,,,,,,,,,,,,,,,,,,,,,,,
2022/1/31,15550.45872,,,,,,,,,,,,,,,,,,,,,,,,,,,,,,,,,,,,,722,380,20881,23032,,,,,,,,,,,,,,,,,,,,,,,,,,,,,,,,,,
2022/2/1,15996.06815,,,,,,,,,,,,,,,,,,,,,,,,,,,,,,,,,,,,,,408,25099,25893,,,,,,,,,,,,,,,,,,,,,,,,,,,,,,,,,,
2022/2/2,16356.48755,,,,,,,,,,,,,,,,,,,,,,,,,,,,,,,,,,,,,,438,30169,29113,,,,,,,,,,,,,,,,,,,,,,,,,,,,,,,,,,
2022/2/3,16697.24771,,,,,,,,,,,,,,,,,,,,,,,,,,,,,,,,,,,,,,470,36264,32728,,,,,,,,,,,,,,,,,,,,,,,,,,,,,,,,,,
2022/2/4,16847.96855,,,,,,,,,,,,,,,,,,,,,,,,,,,,,,,,,,,,,,504,43589,36805,,,,,,,,,,,,,,,,,,,,,,,,,,,,,,,,,,
2022/2/5,16743.11927,,,,,,,,,,,,,,,,,,,,,,,,,,,,,,,,,,,,,,540,52395,41381,,,,,,,,,,,,,,,,,,,,,,,,,,,,,,,,,,
2022/2/6,16743.11927,,,,,,,,,,,,,,,,,,,,,,,,,,,,,,,,,,,,,,578,62979,46521,,,,,,,,,,,,,,,,,,,,,,,,,,,,,,,,,,
2022/2/7,16867.62779,,,,,,,,,,,,,,,,,,,,,,,,,,,,,,,,,,,,,,619,75702,52304,32304,,,,,,,,,,,,,,,,,,,,,,,,,,,,,,,,,
2022/2/8,16802.09699,,,,,,,,,,,,,,,,,,,,,,,,,,,,,,,,,,,,,,664,90994,58806,34822,,,,,,,,,,,,,,,,,,,,,,,,,,,,,,,,,
2022/2/9,16631.71691,,,,,,,,,,,,,,,,,,,,,,,,,,,,,,,,,,,,,,712,109376,66116,37533,,,,,,,,,,,,,,,,,,,,,,,,,,,,,,,,,
2022/2/10,16133.68283,,,,,,,,,,,,,,,,,,,,,,,,,,,,,,,,,,,,,,,131471,74335,40459,,,,,,,,,,,,,,,,,,,,,,,,,,,,,,,,,
2022/2/11,14384.01048,,,,,,,,,,,,,,,,,,,,,,,,,,,,,,,,,,,,,,,158030,83576,43612,,,,,,,,,,,,,,,,,,,,,,,,,,,,,,,,,
2022/2/12,14279.16121,,,,,,,,,,,,,,,,,,,,,,,,,,,,,,,,,,,,,,,189954,93966,47010,,,,,,,,,,,,,,,,,,,,,,,,,,,,,,,,,
2022/2/13,14089.12189,,,,,,,,,,,,,,,,,,,,,,,,,,,,,,,,,,,,,,,228326,105647,50674,20086,,,,,,,,,,,,,,,,,,,,,,,,,,,,,,,,
2022/2/14,13833.55177,,,,,,,,,,,,,,,,,,,,,,,,,,,,,,,,,,,,,,,274450,118780,54622,20520,,,,,,,,,,,,,,,,,,,,,,,,,,,,,,,,
2022/2/15,13604.19397,,,,,,,,,,,,,,,,,,,,,,,,,,,,,,,,,,,,,,,329892,133546,58879,20968,,,,,,,,,,,,,,,,,,,,,,,,,,,,,,,,
2022/2/16,13302.75229,,,,,,,,,,,,,,,,,,,,,,,,,,,,,,,,,,,,,,,396534,150147,63467,21415,,,,,,,,,,,,,,,,,,,,,,,,,,,,,,,,
2022/2/17,12896.46134,,,,,,,,,,,,,,,,,,,,,,,,,,,,,,,,,,,,,,,476638,168812,68413,21871,,,,,,,,,,,,,,,,,,,,,,,,,,,,,,,,
2022/2/18,13774.57405,,,,,,,,,,,,,,,,,,,,,,,,,,,,,,,,,,,,,,,,189797,73744,22308,,,,,,,,,,,,,,,,,,,,,,,,,,,,,,,,
2022/2/19,13296.19921,,,,,,,,,,,,,,,,,,,,,,,,,,,,,,,,,,,,,,,,213390,79490,22719,,,,,,,,,,,,,,,,,,,,,,,,,,,,,,,,
2022/2/20,13007.8637,,,,,,,,,,,,,,,,,,,,,,,,,,,,,,,,,,,,,,,,239917,85685,23094,13678,,,,,,,,,,,,,,,,,,,,,,,,,,,,,,,
2022/2/21,12516.3827,,,,,,,,,,,,,,,,,,,,,,,,,,,,,,,,,,,,,,,,269741,92362,23424,13491,,,,,,,,,,,,,,,,,,,,,,,,,,,,,,,
2022/2/22,12208.38794,,,,,,,,,,,,,,,,,,,,,,,,,,,,,,,,,,,,,,,,303273,99559,23701,13297,,,,,,,,,,,,,,,,,,,,,,,,,,,,,,,
2022/2/23,10891.21887,,,,,,,,,,,,,,,,,,,,,,,,,,,,,,,,,,,,,,,,340973,107317,23914,13106,,,,,,,,,,,,,,,,,,,,,,,,,,,,,,,
2022/2/24,10727.39187,,,,,,,,,,,,,,,,,,,,,,,,,,,,,,,,,,,,,,,,383360,115680,24054,12906,,,,,,,,,,,,,,,,,,,,,,,,,,,,,,,
2022/2/25,10707.73263,,,,,,,,,,,,,,,,,,,,,,,,,,,,,,,,,,,,,,,,431016,124695,24128,12693,,,,,,,,,,,,,,,,,,,,,,,,,,,,,,,
2022/2/26,10648.75491,,,,,,,,,,,,,,,,,,,,,,,,,,,,,,,,,,,,,,,,484596,134411,24129,12477,,,,,,,,,,,,,,,,,,,,,,,,,,,,,,,
2022/2/27,10589.7772,,,,,,,,,,,,,,,,,,,,,,,,,,,,,,,,,,,,,,,,544836,144886,24044,12248,12483,,,,,,,,,,,,,,,,,,,,,,,,,,,,,,
2022/2/28,10340.76016,,,,,,,,,,,,,,,,,,,,,,,,,,,,,,,,,,,,,,,,612565,156176,23874,12007,12421,,,,,,,,,,,,,,,,,,,,,,,,,,,,,,
2022/3/1,10019.65924,,,,,,,,,,,,,,,,,,,,,,,,,,,,,,,,,,,,,,,,688714,168346,23618,11765,12365,,,,,,,,,,,,,,,,,,,,,,,,,,,,,,
2022/3/2,10583.22412,,,,,,,,,,,,,,,,,,,,,,,,,,,,,,,,,,,,,,,,774329,181464,23282,11500,12324,,,,,,,,,,,,,,,,,,,,,,,,,,,,,,
2022/3/3,10190.03932,,,,,,,,,,,,,,,,,,,,,,,,,,,,,,,,,,,,,,,,,195605,22866,11229,12282,,,,,,,,,,,,,,,,,,,,,,,,,,,,,,
2022/3/4,9757.536042,,,,,,,,,,,,,,,,,,,,,,,,,,,,,,,,,,,,,,,,,210848,22364,10952,12249,,,,,,,,,,,,,,,,,,,,,,,,,,,,,,
2022/3/5,9377.457405,,,,,,,,,,,,,,,,,,,,,,,,,,,,,,,,,,,,,,,,,227278,21799,10660,12222,,,,,,,,,,,,,,,,,,,,,,,,,,,,,,
2022/3/6,9233.289646,,,,,,,,,,,,,,,,,,,,,,,,,,,,,,,,,,,,,,,,,244989,21170,10361,12203,9717,,,,,,,,,,,,,,,,,,,,,,,,,,,,,
2022/3/7,8951.507208,,,,,,,,,,,,,,,,,,,,,,,,,,,,,,,,,,,,,,,,,264080,20483,10062,12178,9589,,,,,,,,,,,,,,,,,,,,,,,,,,,,,
2022/3/8,8656.618611,,,,,,,,,,,,,,,,,,,,,,,,,,,,,,,,,,,,,,,,,284659,19758,9744,12151,9476,,,,,,,,,,,,,,,,,,,,,,,,,,,,,
2022/3/9,8440.366972,,,,,,,,,,,,,,,,,,,,,,,,,,,,,,,,,,,,,,,,,306841,18991,9424,12123,9374,,,,,,,,,,,,,,,,,,,,,,,,,,,,,
2022/3/10,8230.668414,,,,,,,,,,,,,,,,,,,,,,,,,,,,,,,,,,,,,,,,,,18200,9105,12096,9274,,,,,,,,,,,,,,,,,,,,,,,,,,,,,
2022/3/11,7994.757536,,,,,,,,,,,,,,,,,,,,,,,,,,,,,,,,,,,,,,,,,,17400,8776,12061,9182,,,,,,,,,,,,,,,,,,,,,,,,,,,,,
2022/3/12,7896.461337,,,,,,,,,,,,,,,,,,,,,,,,,,,,,,,,,,,,,,,,,,16587,8440,12026,9098,,,,,,,,,,,,,,,,,,,,,,,,,,,,,
2022/3/13,7857.142857,,,,,,,,,,,,,,,,,,,,,,,,,,,,,,,,,,,,,,,,,,15777,8105,11976,9024,,,,,,,,,,,,,,,,,,,,,,,,,,,,,
2022/3/14,7752.293578,,,,,,,,,,,,,,,,,,,,,,,,,,,,,,,,,,,,,,,,,,14991,7762,11924,8956,8549,,,,,,,,,,,,,,,,,,,,,,,,,,,,
2022/3/15,7601.572739,,,,,,,,,,,,,,,,,,,,,,,,,,,,,,,,,,,,,,,,,,14223,7423,11871,8894,8452,,,,,,,,,,,,,,,,,,,,,,,,,,,,
2022/3/16,7463.95806,,,,,,,,,,,,,,,,,,,,,,,,,,,,,,,,,,,,,,,,,,13478,7081,11805,8836,8371,,,,,,,,,,,,,,,,,,,,,,,,,,,,
2022/3/17,7339.449541,,,,,,,,,,,,,,,,,,,,,,,,,,,,,,,,,,,,,,,,,,,6737,11728,8785,8295,,,,,,,,,,,,,,,,,,,,,,,,,,,,
2022/3/18,7116.644823,,,,,,,,,,,,,,,,,,,,,,,,,,,,,,,,,,,,,,,,,,,6395,11641,8744,8241,,,,,,,,,,,,,,,,,,,,,,,,,,,,
2022/3/19,6952.817824,,,,,,,,,,,,,,,,,,,,,,,,,,,,,,,,,,,,,,,,,,,6064,11540,8701,8186,,,,,,,,,,,,,,,,,,,,,,,,,,,,
2022/3/20,6900.393185,,,,,,,,,,,,,,,,,,,,,,,,,,,,,,,,,,,,,,,,,,,5735,11434,8658,8142,7225,,,,,,,,,,,,,,,,,,,,,,,,,,,
2022/3/21,5937.090433,,,,,,,,,,,,,,,,,,,,,,,,,,,,,,,,,,,,,,,,,,,5413,11314,8623,8109,7142,,,,,,,,,,,,,,,,,,,,,,,,,,,
2022/3/22,5786.369594,,,,,,,,,,,,,,,,,,,,,,,,,,,,,,,,,,,,,,,,,,,5097,11178,8581,8084,7067,,,,,,,,,,,,,,,,,,,,,,,,,,,
2022/3/23,5871.559633,,,,,,,,,,,,,,,,,,,,,,,,,,,,,,,,,,,,,,,,,,,4791,11039,8539,8061,6995,,,,,,,,,,,,,,,,,,,,,,,,,,,
2022/3/24,5904.325033,,,,,,,,,,,,,,,,,,,,,,,,,,,,,,,,,,,,,,,,,,,,10886,8502,8049,6934,,,,,,,,,,,,,,,,,,,,,,,,,,,
2022/3/25,5982.961992,,,,,,,,,,,,,,,,,,,,,,,,,,,,,,,,,,,,,,,,,,,,10723,8459,8037,6886,,,,,,,,,,,,,,,,,,,,,,,,,,,
2022/3/26,6107.470511,,,,,,,,,,,,,,,,,,,,,,,,,,,,,,,,,,,,,,,,,,,,10551,8416,8036,6840,,,,,,,,,,,,,,,,,,,,,,,,,,,
2022/3/27,6153.342071,,,,,,,,,,,,,,,,,,,,,,,,,,,,,,,,,,,,,,,,,,,,10365,8371,8032,6804,,,,,,,,,,,,,,,,,,,,,,,,,,,
2022/3/28,7031.454784,,,,,,,,,,,,,,,,,,,,,,,,,,,,,,,,,,,,,,,,,,,,10176,8321,8031,6770,5856,,,,,,,,,,,,,,,,,,,,,,,,,,
2022/3/29,7162.516383,,,,,,,,,,,,,,,,,,,,,,,,,,,,,,,,,,,,,,,,,,,,9980,8278,8032,6737,5722,,,,,,,,,,,,,,,,,,,,,,,,,,
2022/3/30,7090.432503,,,,,,,,,,,,,,,,,,,,,,,,,,,,,,,,,,,,,,,,,,,,9765,8236,8042,6715,5594,,,,,,,,,,,,,,,,,,,,,,,,,,
2022/3/31,7110.091743,,,,,,,,,,,,,,,,,,,,,,,,,,,,,,,,,,,,,,,,,,,,,8185,8049,6700,5474,,,,,,,,,,,,,,,,,,,,,,,,,,
2022/4/1,7188.728702,,,,,,,,,,,,,,,,,,,,,,,,,,,,,,,,,,,,,,,,,,,,,8134,8058,6690,5359,,,,,,,,,,,,,,,,,,,,,,,,,,
2022/4/2,7162.516383,,,,,,,,,,,,,,,,,,,,,,,,,,,,,,,,,,,,,,,,,,,,,8083,8076,6684,5257,,,,,,,,,,,,,,,,,,,,,,,,,,
2022/4/3,7123.197903,,,,,,,,,,,,,,,,,,,,,,,,,,,,,,,,,,,,,,,,,,,,,8035,8098,6690,5162,,,,,,,,,,,,,,,,,,,,,,,,,,
2022/4/4,7005.242464,,,,,,,,,,,,,,,,,,,,,,,,,,,,,,,,,,,,,,,,,,,,,7983,8118,6697,5074,6819,,,,,,,,,,,,,,,,,,,,,,,,,
2022/4/5,6985.583224,,,,,,,,,,,,,,,,,,,,,,,,,,,,,,,,,,,,,,,,,,,,,7917,8149,6706,4987,6902,,,,,,,,,,,,,,,,,,,,,,,,,
2022/4/6,7044.560944,,,,,,,,,,,,,,,,,,,,,,,,,,,,,,,,,,,,,,,,,,,,,7848,8175,6717,4907,6996,,,,,,,,,,,,,,,,,,,,,,,,,
2022/4/7,7077.326343,,,,,,,,,,,,,,,,,,,,,,,,,,,,,,,,,,,,,,,,,,,,,,8208,6731,4834,7091,,,,,,,,,,,,,,,,,,,,,,,,,
2022/4/8,7051.114024,,,,,,,,,,,,,,,,,,,,,,,,,,,,,,,,,,,,,,,,,,,,,,8250,6744,4767,7201,,,,,,,,,,,,,,,,,,,,,,,,,
2022/4/9,7038.007864,,,,,,,,,,,,,,,,,,,,,,,,,,,,,,,,,,,,,,,,,,,,,,8283,6753,4700,7318,,,,,,,,,,,,,,,,,,,,,,,,,
2022/4/10,6959.370904,,,,,,,,,,,,,,,,,,,,,,,,,,,,,,,,,,,,,,,,,,,,,,8313,6769,4637,7439,,,,,,,,,,,,,,,,,,,,,,,,,
2022/4/11,7235.428571,,,,,,,,,,,,,,,,,,,,,,,,,,,,,,,,,,,,,,,,,,,,,,8349,6792,4576,7558,6113,,,,,,,,,,,,,,,,,,,,,,,,
2022/4/12,7158.285714,,,,,,,,,,,,,,,,,,,,,,,,,,,,,,,,,,,,,,,,,,,,,,8380,6819,4523,7694,6006,,,,,,,,,,,,,,,,,,,,,,,,
2022/4/13,6982.142857,,,,,,,,,,,,,,,,,,,,,,,,,,,,,,,,,,,,,,,,,,,,,,8415,6846,4473,7838,5896,,,,,,,,,,,,,,,,,,,,,,,,
2022/4/14,6763.285714,,,,,,,,,,,,,,,,,,,,,,,,,,,,,,,,,,,,,,,,,,,,,,8446,6872,4424,7981,5795,,,,,,,,,,,,,,,,,,,,,,,,
2022/4/15,6457.714286,,,,,,,,,,,,,,,,,,,,,,,,,,,,,,,,,,,,,,,,,,,,,,,6905,4378,8126,5702,,,,,,,,,,,,,,,,,,,,,,,,
2022/4/16,6153.142857,,,,,,,,,,,,,,,,,,,,,,,,,,,,,,,,,,,,,,,,,,,,,,,6942,4342,8280,5616,,,,,,,,,,,,,,,,,,,,,,,,
2022/4/17,6017.571429,,,,,,,,,,,,,,,,,,,,,,,,,,,,,,,,,,,,,,,,,,,,,,,6974,4309,8439,5540,,,,,,,,,,,,,,,,,,,,,,,,
2022/4/18,5709.142857,,,,,,,,,,,,,,,,,,,,,,,,,,,,,,,,,,,,,,,,,,,,,,,7007,4277,8609,5472,5711,,,,,,,,,,,,,,,,,,,,,,,
2022/4/19,5458.428571,,,,,,,,,,,,,,,,,,,,,,,,,,,,,,,,,,,,,,,,,,,,,,,7041,4245,8787,5405,5625,,,,,,,,,,,,,,,,,,,,,,,
2022/4/20,5263.714286,,,,,,,,,,,,,,,,,,,,,,,,,,,,,,,,,,,,,,,,,,,,,,,7074,4216,8962,5354,5542,,,,,,,,,,,,,,,,,,,,,,,
2022/4/21,5163.142857,,,,,,,,,,,,,,,,,,,,,,,,,,,,,,,,,,,,,,,,,,,,,,,,4189,9153,5310,5469,,,,,,,,,,,,,,,,,,,,,,,
2022/4/22,5104.428571,,,,,,,,,,,,,,,,,,,,,,,,,,,,,,,,,,,,,,,,,,,,,,,,4165,9350,5267,5399,,,,,,,,,,,,,,,,,,,,,,,
2022/4/23,5091.571429,,,,,,,,,,,,,,,,,,,,,,,,,,,,,,,,,,,,,,,,,,,,,,,,4136,9551,5227,5339,,,,,,,,,,,,,,,,,,,,,,,
2022/4/24,5079,,,,,,,,,,,,,,,,,,,,,,,,,,,,,,,,,,,,,,,,,,,,,,,,4113,9764,5194,5284,,,,,,,,,,,,,,,,,,,,,,,
2022/4/25,4973.428571,,,,,,,,,,,,,,,,,,,,,,,,,,,,,,,,,,,,,,,,,,,,,,,,4089,9983,5161,5233,5268,,,,,,,,,,,,,,,,,,,,,,
2022/4/26,4811.142857,,,,,,,,,,,,,,,,,,,,,,,,,,,,,,,,,,,,,,,,,,,,,,,,4070,10202,5141,5189,5162,,,,,,,,,,,,,,,,,,,,,,
2022/4/27,4634.142857,,,,,,,,,,,,,,,,,,,,,,,,,,,,,,,,,,,,,,,,,,,,,,,,4046,10435,5123,5155,5052,,,,,,,,,,,,,,,,,,,,,,
2022/4/28,4431.142857,,,,,,,,,,,,,,,,,,,,,,,,,,,,,,,,,,,,,,,,,,,,,,,,4029,10671,5106,5122,4951,,,,,,,,,,,,,,,,,,,,,,
2022/4/29,3965.285714,,,,,,,,,,,,,,,,,,,,,,,,,,,,,,,,,,,,,,,,,,,,,,,,,10909,5098,5090,4854,,,,,,,,,,,,,,,,,,,,,,
2022/4/30,3781.428571,,,,,,,,,,,,,,,,,,,,,,,,,,,,,,,,,,,,,,,,,,,,,,,,,11158,5097,5068,4761,,,,,,,,,,,,,,,,,,,,,,
2022/5/1,3724.428571,,,,,,,,,,,,,,,,,,,,,,,,,,,,,,,,,,,,,,,,,,,,,,,,,11412,5098,5051,4681,,,,,,,,,,,,,,,,,,,,,,
2022/5/2,3485.857143,,,,,,,,,,,,,,,,,,,,,,,,,,,,,,,,,,,,,,,,,,,,,,,,,11669,5104,5041,4602,4910,,,,,,,,,,,,,,,,,,,,,
2022/5/3,3049.142857,,,,,,,,,,,,,,,,,,,,,,,,,,,,,,,,,,,,,,,,,,,,,,,,,11941,5107,5036,4529,4888,,,,,,,,,,,,,,,,,,,,,
2022/5/4,2727.857143,,,,,,,,,,,,,,,,,,,,,,,,,,,,,,,,,,,,,,,,,,,,,,,,,12213,5109,5034,4462,4887,,,,,,,,,,,,,,,,,,,,,
2022/5/5,2516.142857,,,,,,,,,,,,,,,,,,,,,,,,,,,,,,,,,,,,,,,,,,,,,,,,,12501,5120,5033,4397,4886,,,,,,,,,,,,,,,,,,,,,
2022/5/6,2854.571429,,,,,,,,,,,,,,,,,,,,,,,,,,,,,,,,,,,,,,,,,,,,,,,,,,5130,5040,4340,4869,,,,,,,,,,,,,,,,,,,,,
2022/5/7,3036,,,,,,,,,,,,,,,,,,,,,,,,,,,,,,,,,,,,,,,,,,,,,,,,,,5148,5045,4289,4852,,,,,,,,,,,,,,,,,,,,,
2022/5/8,3084.714286,,,,,,,,,,,,,,,,,,,,,,,,,,,,,,,,,,,,,,,,,,,,,,,,,,5166,5059,4233,4835,,,,,,,,,,,,,,,,,,,,,
2022/5/9,3207.714286,,,,,,,,,,,,,,,,,,,,,,,,,,,,,,,,,,,,,,,,,,,,,,,,,,5193,5080,4187,4819,,,,,,,,,,,,,,,,,,,,,
2022/5/10,3503,,,,,,,,,,,,,,,,,,,,,,,,,,,,,,,,,,,,,,,,,,,,,,,,,,5228,5094,4141,4802,,,,,,,,,,,,,,,,,,,,,
2022/5/11,3736.571429,,,,,,,,,,,,,,,,,,,,,,,,,,,,,,,,,,,,,,,,,,,,,,,,,,5265,5114,4101,4785,,,,,,,,,,,,,,,,,,,,,
2022/5/12,3924.714286,,,,,,,,,,,,,,,,,,,,,,,,,,,,,,,,,,,,,,,,,,,,,,,,,,5300,5141,4062,4768,,,,,,,,,,,,,,,,,,,,,
2022/5/13,3815,,,,,,,,,,,,,,,,,,,,,,,,,,,,,,,,,,,,,,,,,,,,,,,,,,,5168,4022,4767,,,,,,,,,,,,,,,,,,,,,
2022/5/14,3658.428571,,,,,,,,,,,,,,,,,,,,,,,,,,,,,,,,,,,,,,,,,,,,,,,,,,,5200,3987,4766,,,,,,,,,,,,,,,,,,,,,
2022/5/15,3565.571429,,,,,,,,,,,,,,,,,,,,,,,,,,,,,,,,,,,,,,,,,,,,,,,,,,,5233,3955,4765,,,,,,,,,,,,,,,,,,,,,
2022/5/16,3475.714286,,,,,,,,,,,,,,,,,,,,,,,,,,,,,,,,,,,,,,,,,,,,,,,,,,,5267,3923,4764,3189,,,,,,,,,,,,,,,,,,,,
2022/5/17,3447.142857,,,,,,,,,,,,,,,,,,,,,,,,,,,,,,,,,,,,,,,,,,,,,,,,,,,5314,3894,4763,3217,,,,,,,,,,,,,,,,,,,,
2022/5/18,3407.285714,,,,,,,,,,,,,,,,,,,,,,,,,,,,,,,,,,,,,,,,,,,,,,,,,,,5355,3862,4750,3245,,,,,,,,,,,,,,,,,,,,
2022/5/19,3382,,,,,,,,,,,,,,,,,,,,,,,,,,,,,,,,,,,,,,,,,,,,,,,,,,,5399,3836,4728,3279,,,,,,,,,,,,,,,,,,,,
2022/5/20,3398.428571,,,,,,,,,,,,,,,,,,,,,,,,,,,,,,,,,,,,,,,,,,,,,,,,,,,,3811,4708,3316,,,,,,,,,,,,,,,,,,,,
2022/5/21,3348.142857,,,,,,,,,,,,,,,,,,,,,,,,,,,,,,,,,,,,,,,,,,,,,,,,,,,,3790,4686,3352,,,,,,,,,,,,,,,,,,,,
2022/5/22,3336.571429,,,,,,,,,,,,,,,,,,,,,,,,,,,,,,,,,,,,,,,,,,,,,,,,,,,,3763,4663,3396,,,,,,,,,,,,,,,,,,,,
2022/5/23,3277.857143,,,,,,,,,,,,,,,,,,,,,,,,,,,,,,,,,,,,,,,,,,,,,,,,,,,,3742,4641,3441,,,,,,,,,,,,,,,,,,,,
2022/5/24,3164.857143,,,,,,,,,,,,,,,,,,,,,,,,,,,,,,,,,,,,,,,,,,,,,,,,,,,,3721,4619,3487,3099,,,,,,,,,,,,,,,,,,,
2022/5/25,3063.857143,,,,,,,,,,,,,,,,,,,,,,,,,,,,,,,,,,,,,,,,,,,,,,,,,,,,3705,4607,3533,3075,,,,,,,,,,,,,,,,,,,
2022/5/26,2926.428571,,,,,,,,,,,,,,,,,,,,,,,,,,,,,,,,,,,,,,,,,,,,,,,,,,,,3683,4602,3584,3047,,,,,,,,,,,,,,,,,,,
2022/5/27,2736.714286,,,,,,,,,,,,,,,,,,,,,,,,,,,,,,,,,,,,,,,,,,,,,,,,,,,,,4583,3627,3025,,,,,,,,,,,,,,,,,,,
2022/5/28,2618.285714,,,,,,,,,,,,,,,,,,,,,,,,,,,,,,,,,,,,,,,,,,,,,,,,,,,,,4566,3675,3009,,,,,,,,,,,,,,,,,,,
2022/5/29,2548.142857,,,,,,,,,,,,,,,,,,,,,,,,,,,,,,,,,,,,,,,,,,,,,,,,,,,,,4550,3723,2991,,,,,,,,,,,,,,,,,,,
2022/5/30,2385.142857,,,,,,,,,,,,,,,,,,,,,,,,,,,,,,,,,,,,,,,,,,,,,,,,,,,,,4533,3770,2977,3260,,,,,,,,,,,,,,,,,,
2022/5/31,2228,,,,,,,,,,,,,,,,,,,,,,,,,,,,,,,,,,,,,,,,,,,,,,,,,,,,,4494,3822,2960,3252,,,,,,,,,,,,,,,,,,
2022/6/1,2130,,,,,,,,,,,,,,,,,,,,,,,,,,,,,,,,,,,,,,,,,,,,,,,,,,,,,4458,3873,2947,3247,,,,,,,,,,,,,,,,,,
2022/6/2,2064.571429,,,,,,,,,,,,,,,,,,,,,,,,,,,,,,,,,,,,,,,,,,,,,,,,,,,,,4439,3921,2937,3247,,,,,,,,,,,,,,,,,,
2022/6/3,1974,,,,,,,,,,,,,,,,,,,,,,,,,,,,,,,,,,,,,,,,,,,,,,,,,,,,,,3978,2928,3253,,,,,,,,,,,,,,,,,,
2022/6/4,1905.571429,,,,,,,,,,,,,,,,,,,,,,,,,,,,,,,,,,,,,,,,,,,,,,,,,,,,,,4030,2919,3261,,,,,,,,,,,,,,,,,,
2022/6/5,1871,,,,,,,,,,,,,,,,,,,,,,,,,,,,,,,,,,,,,,,,,,,,,,,,,,,,,,4082,2920,3271,,,,,,,,,,,,,,,,,,
2022/6/6,1796.571429,,,,,,,,,,,,,,,,,,,,,,,,,,,,,,,,,,,,,,,,,,,,,,,,,,,,,,4133,2924,3282,2017,,,,,,,,,,,,,,,,,
2022/6/7,1731.571429,,,,,,,,,,,,,,,,,,,,,,,,,,,,,,,,,,,,,,,,,,,,,,,,,,,,,,4182,2929,3296,1959,,,,,,,,,,,,,,,,,
2022/6/8,1657.571429,,,,,,,,,,,,,,,,,,,,,,,,,,,,,,,,,,,,,,,,,,,,,,,,,,,,,,4233,2931,3314,1900,,,,,,,,,,,,,,,,,
2022/6/9,1598.571429,,,,,,,,,,,,,,,,,,,,,,,,,,,,,,,,,,,,,,,,,,,,,,,,,,,,,,4290,2942,3334,1849,,,,,,,,,,,,,,,,,
2022/6/10,1561.142857,,,,,,,,,,,,,,,,,,,,,,,,,,,,,,,,,,,,,,,,,,,,,,,,,,,,,,4347,2958,3353,1799,,,,,,,,,,,,,,,,,
2022/6/11,1551.571429,,,,,,,,,,,,,,,,,,,,,,,,,,,,,,,,,,,,,,,,,,,,,,,,,,,,,,4403,2972,3373,1755,,,,,,,,,,,,,,,,,
2022/6/12,1557.142857,,,,,,,,,,,,,,,,,,,,,,,,,,,,,,,,,,,,,,,,,,,,,,,,,,,,,,4460,2994,3393,1707,,,,,,,,,,,,,,,,,
2022/6/13,1545.571429,,,,,,,,,,,,,,,,,,,,,,,,,,,,,,,,,,,,,,,,,,,,,,,,,,,,,,4515,3008,3419,1664,1640,,,,,,,,,,,,,,,,
2022/6/14,1537.285714,,,,,,,,,,,,,,,,,,,,,,,,,,,,,,,,,,,,,,,,,,,,,,,,,,,,,,4568,3031,3448,1622,1602,,,,,,,,,,,,,,,,
2022/6/15,1542.714286,,,,,,,,,,,,,,,,,,,,,,,,,,,,,,,,,,,,,,,,,,,,,,,,,,,,,,4624,3060,3477,1588,1569,,,,,,,,,,,,,,,,
2022/6/16,1540.428571,,,,,,,,,,,,,,,,,,,,,,,,,,,,,,,,,,,,,,,,,,,,,,,,,,,,,,4680,3090,3510,1550,1530,,,,,,,,,,,,,,,,
2022/6/17,1578.142857,,,,,,,,,,,,,,,,,,,,,,,,,,,,,,,,,,,,,,,,,,,,,,,,,,,,,,,3117,3546,1519,1496,,,,,,,,,,,,,,,,
2022/6/18,1594.285714,,,,,,,,,,,,,,,,,,,,,,,,,,,,,,,,,,,,,,,,,,,,,,,,,,,,,,,3150,3583,1489,1461,,,,,,,,,,,,,,,,
2022/6/19,1606,,,,,,,,,,,,,,,,,,,,,,,,,,,,,,,,,,,,,,,,,,,,,,,,,,,,,,,3183,3628,1459,1430,,,,,,,,,,,,,,,,
2022/6/20,1662.428571,,,,,,,,,,,,,,,,,,,,,,,,,,,,,,,,,,,,,,,,,,,,,,,,,,,,,,,3222,3670,1429,1398,,,,,,,,,,,,,,,,
2022/6/21,1725.714286,,,,,,,,,,,,,,,,,,,,,,,,,,,,,,,,,,,,,,,,,,,,,,,,,,,,,,,3258,3714,1404,1365,,,,,,,,,,,,,,,,
2022/6/22,1812,,,,,,,,,,,,,,,,,,,,,,,,,,,,,,,,,,,,,,,,,,,,,,,,,,,,,,,3297,3756,1383,1330,,,,,,,,,,,,,,,,
2022/6/23,1886,,,,,,,,,,,,,,,,,,,,,,,,,,,,,,,,,,,,,,,,,,,,,,,,,,,,,,,3339,3808,1364,1306,,,,,,,,,,,,,,,,
2022/6/24,1949.285714,,,,,,,,,,,,,,,,,,,,,,,,,,,,,,,,,,,,,,,,,,,,,,,,,,,,,,,3385,3859,1343,1276,,,,,,,,,,,,,,,,
2022/6/25,2026.428571,,,,,,,,,,,,,,,,,,,,,,,,,,,,,,,,,,,,,,,,,,,,,,,,,,,,,,,,3914,1320,1247,,,,,,,,,,,,,,,,
2022/6/26,2073.428571,,,,,,,,,,,,,,,,,,,,,,,,,,,,,,,,,,,,,,,,,,,,,,,,,,,,,,,,3973,1306,1215,,,,,,,,,,,,,,,,
2022/6/27,2208.571429,,,,,,,,,,,,,,,,,,,,,,,,,,,,,,,,,,,,,,,,,,,,,,,,,,,,,,,,4032,1286,1189,1549,,,,,,,,,,,,,,,
2022/6/28,2415,,,,,,,,,,,,,,,,,,,,,,,,,,,,,,,,,,,,,,,,,,,,,,,,,,,,,,,,4097,1266,1159,1557,,,,,,,,,,,,,,,
2022/6/29,2621.857143,,,,,,,,,,,,,,,,,,,,,,,,,,,,,,,,,,,,,,,,,,,,,,,,,,,,,,,,4168,1246,1129,1569,,,,,,,,,,,,,,,
2022/6/30,2844,,,,,,,,,,,,,,,,,,,,,,,,,,,,,,,,,,,,,,,,,,,,,,,,,,,,,,,,4239,1225,1101,1579,,,,,,,,,,,,,,,
2022/7/1,3110.714286,,,,,,,,,,,,,,,,,,,,,,,,,,,,,,,,,,,,,,,,,,,,,,,,,,,,,,,,,1205,1071,1592,,,,,,,,,,,,,,,
2022/7/2,3366.285714,,,,,,,,,,,,,,,,,,,,,,,,,,,,,,,,,,,,,,,,,,,,,,,,,,,,,,,,,1190,1044,1604,,,,,,,,,,,,,,,
2022/7/3,3538.714286,,,,,,,,,,,,,,,,,,,,,,,,,,,,,,,,,,,,,,,,,,,,,,,,,,,,,,,,,1170,1019,1618,,,,,,,,,,,,,,,
2022/7/4,4072.857143,,,,,,,,,,,,,,,,,,,,,,,,,,,,,,,,,,,,,,,,,,,,,,,,,,,,,,,,,1159,991,1635,2369,,,,,,,,,,,,,,
2022/7/5,4767.285714,,,,,,,,,,,,,,,,,,,,,,,,,,,,,,,,,,,,,,,,,,,,,,,,,,,,,,,,,1146,964,1652,2427,,,,,,,,,,,,,,
2022/7/6,5469.571429,,,,,,,,,,,,,,,,,,,,,,,,,,,,,,,,,,,,,,,,,,,,,,,,,,,,,,,,,1130,941,1666,2486,,,,,,,,,,,,,,
2022/7/7,6196.428571,,,,,,,,,,,,,,,,,,,,,,,,,,,,,,,,,,,,,,,,,,,,,,,,,,,,,,,,,1118,914,1685,2546,,,,,,,,,,,,,,
2022/7/8,7065.142857,,,,,,,,,,,,,,,,,,,,,,,,,,,,,,,,,,,,,,,,,,,,,,,,,,,,,,,,,,886,1702,2613,,,,,,,,,,,,,,
2022/7/9,7826.571429,,,,,,,,,,,,,,,,,,,,,,,,,,,,,,,,,,,,,,,,,,,,,,,,,,,,,,,,,,860,1722,2684,,,,,,,,,,,,,,
2022/7/10,8234.142857,,,,,,,,,,,,,,,,,,,,,,,,,,,,,,,,,,,,,,,,,,,,,,,,,,,,,,,,,,832,1743,2755,,,,,,,,,,,,,,
2022/7/11,9542.714286,,,,,,,,,,,,,,,,,,,,,,,,,,,,,,,,,,,,,,,,,,,,,,,,,,,,,,,,,,803,1765,2834,,,,,,,,,,,,,,
2022/7/12,11026.57143,,,,,,,,,,,,,,,,,,,,,,,,,,,,,,,,,,,,,,,,,,,,,,,,,,,,,,,,,,780,1786,2919,,,,,,,,,,,,,,
2022/7/13,12388.71429,,,,,,,,,,,,,,,,,,,,,,,,,,,,,,,,,,,,,,,,,,,,,,,,,,,,,,,,,,749,1809,3006,,,,,,,,,,,,,,
2022/7/14,13705.71429,,,,,,,,,,,,,,,,,,,,,,,,,,,,,,,,,,,,,,,,,,,,,,,,,,,,,,,,,,726,1835,3103,,,,,,,,,,,,,,
2022/7/15,15281.14286,,,,,,,,,,,,,,,,,,,,,,,,,,,,,,,,,,,,,,,,,,,,,,,,,,,,,,,,,,,1864,3203,,,,,,,,,,,,,,
2022/7/16,16638,,,,,,,,,,,,,,,,,,,,,,,,,,,,,,,,,,,,,,,,,,,,,,,,,,,,,,,,,,,1896,3310,,,,,,,,,,,,,,
2022/7/17,17596.42857,,,,,,,,,,,,,,,,,,,,,,,,,,,,,,,,,,,,,,,,,,,,,,,,,,,,,,,,,,,1925,3425,,,,,,,,,,,,,,
2022/7/18,16778.57143,,,,,,,,,,,,,,,,,,,,,,,,,,,,,,,,,,,,,,,,,,,,,,,,,,,,,,,,,,,1961,3546,13960,,,,,,,,,,,,,
2022/7/19,18271.57143,,,,,,,,,,,,,,,,,,,,,,,,,,,,,,,,,,,,,,,,,,,,,,,,,,,,,,,,,,,1995,3673,14978,,,,,,,,,,,,,
2022/7/20,20592.85714,,,,,,,,,,,,,,,,,,,,,,,,,,,,,,,,,,,,,,,,,,,,,,,,,,,,,,,,,,,2035,3805,16075,,,,,,,,,,,,,
2022/7/21,22657.57143,,,,,,,,,,,,,,,,,,,,,,,,,,,,,,,,,,,,,,,,,,,,,,,,,,,,,,,,,,,2069,3947,17258,,,,,,,,,,,,,
2022/7/22,24757.28571,,,,,,,,,,,,,,,,,,,,,,,,,,,,,,,,,,,,,,,,,,,,,,,,,,,,,,,,,,,2108,4100,18535,,,,,,,,,,,,,
2022/7/23,26098.71429,,,,,,,,,,,,,,,,,,,,,,,,,,,,,,,,,,,,,,,,,,,,,,,,,,,,,,,,,,,2144,4256,19917,,,,,,,,,,,,,
2022/7/24,26778.42857,,,,,,,,,,,,,,,,,,,,,,,,,,,,,,,,,,,,,,,,,,,,,,,,,,,,,,,,,,,2185,4427,21415,,,,,,,,,,,,,
2022/7/25,30309,,,,,,,,,,,,,,,,,,,,,,,,,,,,,,,,,,,,,,,,,,,,,,,,,,,,,,,,,,,2223,4608,23045,25121,,,,,,,,,,,,
2022/7/26,30636,,,,,,,,,,,,,,,,,,,,,,,,,,,,,,,,,,,,,,,,,,,,,,,,,,,,,,,,,,,2265,4795,24779,26419,,,,,,,,,,,,
2022/7/27,30672.14286,,,,,,,,,,,,,,,,,,,,,,,,,,,,,,,,,,,,,,,,,,,,,,,,,,,,,,,,,,,2307,5003,26645,27792,,,,,,,,,,,,
2022/7/28,30441.28571,,,,,,,,,,,,,,,,,,,,,,,,,,,,,,,,,,,,,,,,,,,,,,,,,,,,,,,,,,,2354,5224,28649,29246,,,,,,,,,,,,
2022/7/29,30102.57143,,,,,,,,,,,,,,,,,,,,,,,,,,,,,,,,,,,,,,,,,,,,,,,,,,,,,,,,,,,,5458,30799,30790,,,,,,,,,,,,
2022/7/30,29928.42857,,,,,,,,,,,,,,,,,,,,,,,,,,,,,,,,,,,,,,,,,,,,,,,,,,,,,,,,,,,,5705,33105,32437,,,,,,,,,,,,
2022/7/31,29762.57143,,,,,,,,,,,,,,,,,,,,,,,,,,,,,,,,,,,,,,,,,,,,,,,,,,,,,,,,,,,,5970,35571,34204,,,,,,,,,,,,
2022/8/1,29788.14286,,,,,,,,,,,,,,,,,,,,,,,,,,,,,,,,,,,,,,,,,,,,,,,,,,,,,,,,,,,,6253,38206,36097,36350,,,,,,,,,,,
2022/8/2,29763,,,,,,,,,,,,,,,,,,,,,,,,,,,,,,,,,,,,,,,,,,,,,,,,,,,,,,,,,,,,6552,41061,38131,37320,,,,,,,,,,,
2022/8/3,29540.85714,,,,,,,,,,,,,,,,,,,,,,,,,,,,,,,,,,,,,,,,,,,,,,,,,,,,,,,,,,,,6875,44129,40306,38320,,,,,,,,,,,
2022/8/4,29333.42857,,,,,,,,,,,,,,,,,,,,,,,,,,,,,,,,,,,,,,,,,,,,,,,,,,,,,,,,,,,,7217,47427,42549,39353,,,,,,,,,,,
2022/8/5,29000.28571,,,,,,,,,,,,,,,,,,,,,,,,,,,,,,,,,,,,,,,,,,,,,,,,,,,,,,,,,,,,,50971,44910,40422,,,,,,,,,,,
2022/8/6,28593.42857,,,,,,,,,,,,,,,,,,,,,,,,,,,,,,,,,,,,,,,,,,,,,,,,,,,,,,,,,,,,,54780,47392,41532,,,,,,,,,,,
2022/8/7,28313.57143,,,,,,,,,,,,,,,,,,,,,,,,,,,,,,,,,,,,,,,,,,,,,,,,,,,,,,,,,,,,,58873,49989,42703,,,,,,,,,,,
2022/8/8,27577.14286,,,,,,,,,,,,,,,,,,,,,,,,,,,,,,,,,,,,,,,,,,,,,,,,,,,,,,,,,,,,,63273,52707,43924,31694,,,,,,,,,,
2022/8/9,26848.71429,,,,,,,,,,,,,,,,,,,,,,,,,,,,,,,,,,,,,,,,,,,,,,,,,,,,,,,,,,,,,68001,55547,45205,31749,,,,,,,,,,
2022/8/10,25887.85714,,,,,,,,,,,,,,,,,,,,,,,,,,,,,,,,,,,,,,,,,,,,,,,,,,,,,,,,,,,,,73082,58519,46542,31786,,,,,,,,,,
2022/8/11,23846,,,,,,,,,,,,,,,,,,,,,,,,,,,,,,,,,,,,,,,,,,,,,,,,,,,,,,,,,,,,,78543,61712,47942,31812,,,,,,,,,,
2022/8/12,22797.57143,,,,,,,,,,,,,,,,,,,,,,,,,,,,,,,,,,,,,,,,,,,,,,,,,,,,,,,,,,,,,84413,65079,49413,31830,,,,,,,,,,
2022/8/13,21996.85714,,,,,,,,,,,,,,,,,,,,,,,,,,,,,,,,,,,,,,,,,,,,,,,,,,,,,,,,,,,,,90720,68629,50958,31835,,,,,,,,,,
2022/8/14,21802.57143,,,,,,,,,,,,,,,,,,,,,,,,,,,,,,,,,,,,,,,,,,,,,,,,,,,,,,,,,,,,,97500,72374,52571,31829,27953,,,,,,,,,
2022/8/15,20965.71429,,,,,,,,,,,,,,,,,,,,,,,,,,,,,,,,,,,,,,,,,,,,,,,,,,,,,,,,,,,,,104785,76323,54273,31810,27768,,,,,,,,,
2022/8/16,20745.85714,,,,,,,,,,,,,,,,,,,,,,,,,,,,,,,,,,,,,,,,,,,,,,,,,,,,,,,,,,,,,112615,80487,55905,31783,27567,,,,,,,,,
2022/8/17,20133.71429,,,,,,,,,,,,,,,,,,,,,,,,,,,,,,,,,,,,,,,,,,,,,,,,,,,,,,,,,,,,,121031,84878,57577,31745,27370,,,,,,,,,
2022/8/18,20980.85714,,,,,,,,,,,,,,,,,,,,,,,,,,,,,,,,,,,,,,,,,,,,,,,,,,,,,,,,,,,,,130075,89509,59288,31688,27171,,,,,,,,,
2022/8/19,20734.14286,,,,,,,,,,,,,,,,,,,,,,,,,,,,,,,,,,,,,,,,,,,,,,,,,,,,,,,,,,,,,,94392,61026,31626,26981,,,,,,,,,
2022/8/20,20451,,,,,,,,,,,,,,,,,,,,,,,,,,,,,,,,,,,,,,,,,,,,,,,,,,,,,,,,,,,,,,99542,62789,31543,26779,,,,,,,,,
2022/8/21,19892.71429,,,,,,,,,,,,,,,,,,,,,,,,,,,,,,,,,,,,,,,,,,,,,,,,,,,,,,,,,,,,,,104973,64576,31447,26578,19205,,,,,,,,
2022/8/22,19599.14286,,,,,,,,,,,,,,,,,,,,,,,,,,,,,,,,,,,,,,,,,,,,,,,,,,,,,,,,,,,,,,110701,66367,31331,26382,18690,,,,,,,,
2022/8/23,18865.28571,,,,,,,,,,,,,,,,,,,,,,,,,,,,,,,,,,,,,,,,,,,,,,,,,,,,,,,,,,,,,,116740,68318,31200,26189,18127,,,,,,,,
2022/8/24,18112.71429,,,,,,,,,,,,,,,,,,,,,,,,,,,,,,,,,,,,,,,,,,,,,,,,,,,,,,,,,,,,,,123110,70327,31050,26002,17554,,,,,,,,
2022/8/25,17157.71429,,,,,,,,,,,,,,,,,,,,,,,,,,,,,,,,,,,,,,,,,,,,,,,,,,,,,,,,,,,,,,129827,72395,30887,25801,17039,,,,,,,,
2022/8/26,16091.57143,,,,,,,,,,,,,,,,,,,,,,,,,,,,,,,,,,,,,,,,,,,,,,,,,,,,,,,,,,,,,,,74523,30705,25589,16533,,,,,,,,
2022/8/27,15397,,,,,,,,,,,,,,,,,,,,,,,,,,,,,,,,,,,,,,,,,,,,,,,,,,,,,,,,,,,,,,,76714,30515,25366,16052,,,,,,,,
2022/8/28,15049.71429,,,,,,,,,,,,,,,,,,,,,,,,,,,,,,,,,,,,,,,,,,,,,,,,,,,,,,,,,,,,,,,78969,30301,25146,15528,,,,,,,,
2022/8/29,14169.85714,,,,,,,,,,,,,,,,,,,,,,,,,,,,,,,,,,,,,,,,,,,,,,,,,,,,,,,,,,,,,,,81291,30063,24926,15029,,,,,,,,
2022/8/30,13383.57143,,,,,,,,,,,,,,,,,,,,,,,,,,,,,,,,,,,,,,,,,,,,,,,,,,,,,,,,,,,,,,,83681,29804,24696,14573,,,,,,,,
2022/8/31,12745.85714,,,,,,,,,,,,,,,,,,,,,,,,,,,,,,,,,,,,,,,,,,,,,,,,,,,,,,,,,,,,,,,86141,29534,24444,14122,,,,,,,,
2022/9/1,12241,,,,,,,,,,,,,,,,,,,,,,,,,,,,,,,,,,,,,,,,,,,,,,,,,,,,,,,,,,,,,,,88673,29258,24192,13662,,,,,,,,
2022/9/2,11694.71429,,,,,,,,,,,,,,,,,,,,,,,,,,,,,,,,,,,,,,,,,,,,,,,,,,,,,,,,,,,,,,,,28951,23940,13205,,,,,,,,
2022/9/3,11268.71429,,,,,,,,,,,,,,,,,,,,,,,,,,,,,,,,,,,,,,,,,,,,,,,,,,,,,,,,,,,,,,,,28630,23699,12739,,,,,,,,
2022/9/4,11100,,,,,,,,,,,,,,,,,,,,,,,,,,,,,,,,,,,,,,,,,,,,,,,,,,,,,,,,,,,,,,,,28285,23429,12315,13264,,,,,,,
2022/9/5,10700.85714,,,,,,,,,,,,,,,,,,,,,,,,,,,,,,,,,,,,,,,,,,,,,,,,,,,,,,,,,,,,,,,,27933,23147,11891,12914,,,,,,,
2022/9/6,10305.57143,,,,,,,,,,,,,,,,,,,,,,,,,,,,,,,,,,,,,,,,,,,,,,,,,,,,,,,,,,,,,,,,27588,22850,11489,12582,,,,,,,
2022/9/7,9865.285714,,,,,,,,,,,,,,,,,,,,,,,,,,,,,,,,,,,,,,,,,,,,,,,,,,,,,,,,,,,,,,,,27195,22564,11054,12210,,,,,,,
2022/9/8,9535.571429,,,,,,,,,,,,,,,,,,,,,,,,,,,,,,,,,,,,,,,,,,,,,,,,,,,,,,,,,,,,,,,,26792,22272,10642,11890,,,,,,,
2022/9/9,9232.571429,,,,,,,,,,,,,,,,,,,,,,,,,,,,,,,,,,,,,,,,,,,,,,,,,,,,,,,,,,,,,,,,,21964,10240,11618,,,,,,,
2022/9/10,9040.285714,,,,,,,,,,,,,,,,,,,,,,,,,,,,,,,,,,,,,,,,,,,,,,,,,,,,,,,,,,,,,,,,,21651,9857,11306,,,,,,,
2022/9/11,8934.714286,,,,,,,,,,,,,,,,,,,,,,,,,,,,,,,,,,,,,,,,,,,,,,,,,,,,,,,,,,,,,,,,,21330,9480,11061,9306,,,,,,
2022/9/12,8660.428571,,,,,,,,,,,,,,,,,,,,,,,,,,,,,,,,,,,,,,,,,,,,,,,,,,,,,,,,,,,,,,,,,21004,9081,10794,9064,,,,,,
2022/9/13,8370.142857,,,,,,,,,,,,,,,,,,,,,,,,,,,,,,,,,,,,,,,,,,,,,,,,,,,,,,,,,,,,,,,,,20667,8676,10542,8817,,,,,,
2022/9/14,8260.285714,,,,,,,,,,,,,,,,,,,,,,,,,,,,,,,,,,,,,,,,,,,,,,,,,,,,,,,,,,,,,,,,,20324,8311,10338,8571,,,,,,
2022/9/15,8123.571429,,,,,,,,,,,,,,,,,,,,,,,,,,,,,,,,,,,,,,,,,,,,,,,,,,,,,,,,,,,,,,,,,,7952,10101,8328,,,,,,
2022/9/16,7936.571429,,,,,,,,,,,,,,,,,,,,,,,,,,,,,,,,,,,,,,,,,,,,,,,,,,,,,,,,,,,,,,,,,,7614,9864,8096,,,,,,
2022/9/17,7771.285714,,,,,,,,,,,,,,,,,,,,,,,,,,,,,,,,,,,,,,,,,,,,,,,,,,,,,,,,,,,,,,,,,,7236,9660,7875,,,,,,
2022/9/18,7690.142857,,,,,,,,,,,,,,,,,,,,,,,,,,,,,,,,,,,,,,,,,,,,,,,,,,,,,,,,,,,,,,,,,,6876,9440,7713,7698,,,,,
2022/9/19,6524.714286,,,,,,,,,,,,,,,,,,,,,,,,,,,,,,,,,,,,,,,,,,,,,,,,,,,,,,,,,,,,,,,,,,6538,9244,7533,7546,,,,,
2022/9/20,6523.285714,,,,,,,,,,,,,,,,,,,,,,,,,,,,,,,,,,,,,,,,,,,,,,,,,,,,,,,,,,,,,,,,,,6218,9069,7371,7395,,,,,
2022/9/21,6401,,,,,,,,,,,,,,,,,,,,,,,,,,,,,,,,,,,,,,,,,,,,,,,,,,,,,,,,,,,,,,,,,,5920,8870,7227,7243,,,,,
2022/9/22,6248.857143,,,,,,,,,,,,,,,,,,,,,,,,,,,,,,,,,,,,,,,,,,,,,,,,,,,,,,,,,,,,,,,,,,,8703,7079,7101,,,,,
2022/9/23,5555.285714,,,,,,,,,,,,,,,,,,,,,,,,,,,,,,,,,,,,,,,,,,,,,,,,,,,,,,,,,,,,,,,,,,,8544,6933,7000,,,,,
2022/9/24,5528,,,,,,,,,,,,,,,,,,,,,,,,,,,,,,,,,,,,,,,,,,,,,,,,,,,,,,,,,,,,,,,,,,,8384,6783,6898,,,,,
2022/9/25,5539.714286,,,,,,,,,,,,,,,,,,,,,,,,,,,,,,,,,,,,,,,,,,,,,,,,,,,,,,,,,,,,,,,,,,,8225,6620,6796,,,,,
2022/9/26,5847.571429,,,,,,,,,,,,,,,,,,,,,,,,,,,,,,,,,,,,,,,,,,,,,,,,,,,,,,,,,,,,,,,,,,,8081,6488,6695,6221,,,,
2022/9/27,5242.857143,,,,,,,,,,,,,,,,,,,,,,,,,,,,,,,,,,,,,,,,,,,,,,,,,,,,,,,,,,,,,,,,,,,7921,6350,6593,6118,,,,
2022/9/28,4864.285714,,,,,,,,,,,,,,,,,,,,,,,,,,,,,,,,,,,,,,,,,,,,,,,,,,,,,,,,,,,,,,,,,,,7762,6212,6491,5966,,,,
2022/9/29,4605,,,,,,,,,,,,,,,,,,,,,,,,,,,,,,,,,,,,,,,,,,,,,,,,,,,,,,,,,,,,,,,,,,,7618,6074,6389,5864,,,,
2022/9/30,4787,,,,,,,,,,,,,,,,,,,,,,,,,,,,,,,,,,,,,,,,,,,,,,,,,,,,,,,,,,,,,,,,,,,7459,5960,6288,5762,,,,
2022/10/1,4382.285714,,,,,,,,,,,,,,,,,,,,,,,,,,,,,,,,,,,,,,,,,,,,,,,,,,,,,,,,,,,,,,,,,,,7299,5856,6196,5609,,,,
2022/10/2,4124.428571,,,,,,,,,,,,,,,,,,,,,,,,,,,,,,,,,,,,,,,,,,,,,,,,,,,,,,,,,,,,,,,,,,,7170,5764,6134,5507,,,,
2022/10/3,3987.428571,,,,,,,,,,,,,,,,,,,,,,,,,,,,,,,,,,,,,,,,,,,,,,,,,,,,,,,,,,,,,,,,,,,7011,5649,6032,5405,,,,
2022/10/4,3811.142857,,,,,,,,,,,,,,,,,,,,,,,,,,,,,,,,,,,,,,,,,,,,,,,,,,,,,,,,,,,,,,,,,,,6882,5547,5941,5302,,,,
2022/10/5,3540.428571,,,,,,,,,,,,,,,,,,,,,,,,,,,,,,,,,,,,,,,,,,,,,,,,,,,,,,,,,,,,,,,,,,,6770,5427,5889,5200,,,,
2022/10/6,3396.714286,,,,,,,,,,,,,,,,,,,,,,,,,,,,,,,,,,,,,,,,,,,,,,,,,,,,,,,,,,,,,,,,,,,,5325,5838,5098,,,,
2022/10/7,3213.714286,,,,,,,,,,,,,,,,,,,,,,,,,,,,,,,,,,,,,,,,,,,,,,,,,,,,,,,,,,,,,,,,,,,,5211,5786,4996,,,,
2022/10/8,3114.857143,,,,,,,,,,,,,,,,,,,,,,,,,,,,,,,,,,,,,,,,,,,,,,,,,,,,,,,,,,,,,,,,,,,,5109,5725,4943,,,,
2022/10/9,3079.857143,,,,,,,,,,,,,,,,,,,,,,,,,,,,,,,,,,,,,,,,,,,,,,,,,,,,,,,,,,,,,,,,,,,,5007,5633,4890,,,,
2022/10/10,2679.428571,,,,,,,,,,,,,,,,,,,,,,,,,,,,,,,,,,,,,,,,,,,,,,,,,,,,,,,,,,,,,,,,,,,,4900,5582,4788,,,,
2022/10/11,2781.714286,,,,,,,,,,,,,,,,,,,,,,,,,,,,,,,,,,,,,,,,,,,,,,,,,,,,,,,,,,,,,,,,,,,,4808,5530,4685,,,,
2022/10/12,2951.857143,,,,,,,,,,,,,,,,,,,,,,,,,,,,,,,,,,,,,,,,,,,,,,,,,,,,,,,,,,,,,,,,,,,,4740,5478,4633,,,,
2022/10/13,2941,,,,,,,,,,,,,,,,,,,,,,,,,,,,,,,,,,,,,,,,,,,,,,,,,,,,,,,,,,,,,,,,,,,,4678,5427,4580,,,,
2022/10/14,3034.857143,,,,,,,,,,,,,,,,,,,,,,,,,,,,,,,,,,,,,,,,,,,,,,,,,,,,,,,,,,,,,,,,,,,,,5365,4527,,,,
2022/10/15,3102.714286,,,,,,,,,,,,,,,,,,,,,,,,,,,,,,,,,,,,,,,,,,,,,,,,,,,,,,,,,,,,,,,,,,,,,5273,4475,,,,
2022/10/16,3124,,,,,,,,,,,,,,,,,,,,,,,,,,,,,,,,,,,,,,,,,,,,,,,,,,,,,,,,,,,,,,,,,,,,,5221,4423,,,,
2022/10/17,3511,,,,,,,,,,,,,,,,,,,,,,,,,,,,,,,,,,,,,,,,,,,,,,,,,,,,,,,,,,,,,,,,,,,,,5170,4421,,,,
2022/10/18,3426.285714,,,,,,,,,,,,,,,,,,,,,,,,,,,,,,,,,,,,,,,,,,,,,,,,,,,,,,,,,,,,,,,,,,,,,5118,4418,,,,
2022/10/19,3310.142857,,,,,,,,,,,,,,,,,,,,,,,,,,,,,,,,,,,,,,,,,,,,,,,,,,,,,,,,,,,,,,,,,,,,,,4416,,,,
2022/10/20,3229.714286,,,,,,,,,,,,,,,,,,,,,,,,,,,,,,,,,,,,,,,,,,,,,,,,,,,,,,,,,,,,,,,,,,,,,,4364,,,,
2022/10/21,3226.571429,,,,,,,,,,,,,,,,,,,,,,,,,,,,,,,,,,,,,,,,,,,,,,,,,,,,,,,,,,,,,,,,,,,,,,4312,,,,
2022/10/22,3236.428571,,,,,,,,,,,,,,,,,,,,,,,,,,,,,,,,,,,,,,,,,,,,,,,,,,,,,,,,,,,,,,,,,,,,,,4259,,,,
2022/10/23,3258.428571,,,,,,,,,,,,,,,,,,,,,,,,,,,,,,,,,,,,,,,,,,,,,,,,,,,,,,,,,,,,,,,,,,,,,,4207,,,,
2022/10/24,3325,,,,,,,,,,,,,,,,,,,,,,,,,,,,,,,,,,,,,,,,,,,,,,,,,,,,,,,,,,,,,,,,,,,,,,4155,,,,
2022/10/25,3342.714286,,,,,,,,,,,,,,,,,,,,,,,,,,,,,,,,,,,,,,,,,,,,,,,,,,,,,,,,,,,,,,,,,,,,,,4102,,,,
2022/10/26,3401.857143,,,,,,,,,,,,,,,,,,,,,,,,,,,,,,,,,,,,,,,,,,,,,,,,,,,,,,,,,,,,,,,,,,,,,,4050,,,,
2022/10/27,3495.142857,,,,,,,,,,,,,,,,,,,,,,,,,,,,,,,,,,,,,,,,,,,,,,,,,,,,,,,,,,,,,,,,,,,,,,4048,,,,
2022/10/28,3621.428571,,,,,,,,,,,,,,,,,,,,,,,,,,,,,,,,,,,,,,,,,,,,,,,,,,,,,,,,,,,,,,,,,,,,,,,,,,
2022/10/29,3748.714286,,,,,,,,,,,,,,,,,,,,,,,,,,,,,,,,,,,,,,,,,,,,,,,,,,,,,,,,,,,,,,,,,,,,,,,,,,
2022/10/30,3787.857143,,,,,,,,,,,,,,,,,,,,,,,,,,,,,,,,,,,,,,,,,,,,,,,,,,,,,,,,,,,,,,,,,,,,,,,1924,,,
2022/10/31,4048.142857,,,,,,,,,,,,,,,,,,,,,,,,,,,,,,,,,,,,,,,,,,,,,,,,,,,,,,,,,,,,,,,,,,,,,,,1881,,,
2022/11/1,4341.857143,,,,,,,,,,,,,,,,,,,,,,,,,,,,,,,,,,,,,,,,,,,,,,,,,,,,,,,,,,,,,,,,,,,,,,,1839,,,
2022/11/2,4732.285714,,,,,,,,,,,,,,,,,,,,,,,,,,,,,,,,,,,,,,,,,,,,,,,,,,,,,,,,,,,,,,,,,,,,,,,1796,,,
2022/11/3,4662.857143,,,,,,,,,,,,,,,,,,,,,,,,,,,,,,,,,,,,,,,,,,,,,,,,,,,,,,,,,,,,,,,,,,,,,,,1754,,,
2022/11/4,5212,,,,,,,,,,,,,,,,,,,,,,,,,,,,,,,,,,,,,,,,,,,,,,,,,,,,,,,,,,,,,,,,,,,,,,,1711,,,
2022/11/5,5581,,,,,,,,,,,,,,,,,,,,,,,,,,,,,,,,,,,,,,,,,,,,,,,,,,,,,,,,,,,,,,,,,,,,,,,1678,,,
2022/11/6,5790,,,,,,,,,,,,,,,,,,,,,,,,,,,,,,,,,,,,,,,,,,,,,,,,,,,,,,,,,,,,,,,,,,,,,,,1646,,,
2022/11/7,6099.571429,,,,,,,,,,,,,,,,,,,,,,,,,,,,,,,,,,,,,,,,,,,,,,,,,,,,,,,,,,,,,,,,,,,,,,,1614,,,
2022/11/8,6472.428571,,,,,,,,,,,,,,,,,,,,,,,,,,,,,,,,,,,,,,,,,,,,,,,,,,,,,,,,,,,,,,,,,,,,,,,1601,,,
2022/11/9,6655.142857,,,,,,,,,,,,,,,,,,,,,,,,,,,,,,,,,,,,,,,,,,,,,,,,,,,,,,,,,,,,,,,,,,,,,,,1579,,,
2022/11/10,7342,,,,,,,,,,,,,,,,,,,,,,,,,,,,,,,,,,,,,,,,,,,,,,,,,,,,,,,,,,,,,,,,,,,,,,,1556,,,
2022/11/11,7350.285714,,,,,,,,,,,,,,,,,,,,,,,,,,,,,,,,,,,,,,,,,,,,,,,,,,,,,,,,,,,,,,,,,,,,,,,1543,,,
2022/11/12,7442.142857,,,,,,,,,,,,,,,,,,,,,,,,,,,,,,,,,,,,,,,,,,,,,,,,,,,,,,,,,,,,,,,,,,,,,,,1531,,,
2022/11/13,7519,,,,,,,,,,,,,,,,,,,,,,,,,,,,,,,,,,,,,,,,,,,,,,,,,,,,,,,,,,,,,,,,,,,,,,,1518,4816,,
2022/11/14,7875.285714,,,,,,,,,,,,,,,,,,,,,,,,,,,,,,,,,,,,,,,,,,,,,,,,,,,,,,,,,,,,,,,,,,,,,,,1516,4936,,
2022/11/15,8030.571429,,,,,,,,,,,,,,,,,,,,,,,,,,,,,,,,,,,,,,,,,,,,,,,,,,,,,,,,,,,,,,,,,,,,,,,1504,5064,,
2022/11/16,8286.142857,,,,,,,,,,,,,,,,,,,,,,,,,,,,,,,,,,,,,,,,,,,,,,,,,,,,,,,,,,,,,,,,,,,,,,,1501,5207,,
2022/11/17,8340,,,,,,,,,,,,,,,,,,,,,,,,,,,,,,,,,,,,,,,,,,,,,,,,,,,,,,,,,,,,,,,,,,,,,,,1519,5343,,
2022/11/18,8546.714286,,,,,,,,,,,,,,,,,,,,,,,,,,,,,,,,,,,,,,,,,,,,,,,,,,,,,,,,,,,,,,,,,,,,,,,1536,5519,,
2022/11/19,8668,,,,,,,,,,,,,,,,,,,,,,,,,,,,,,,,,,,,,,,,,,,,,,,,,,,,,,,,,,,,,,,,,,,,,,,1554,5703,,
2022/11/20,8750.857143,,,,,,,,,,,,,,,,,,,,,,,,,,,,,,,,,,,,,,,,,,,,,,,,,,,,,,,,,,,,,,,,,,,,,,,1571,5902,7616,
2022/11/21,8972.714286,,,,,,,,,,,,,,,,,,,,,,,,,,,,,,,,,,,,,,,,,,,,,,,,,,,,,,,,,,,,,,,,,,,,,,,1599,6118,7805,
2022/11/22,9363.285714,,,,,,,,,,,,,,,,,,,,,,,,,,,,,,,,,,,,,,,,,,,,,,,,,,,,,,,,,,,,,,,,,,,,,,,1627,6342,8015,
2022/11/23,8778.142857,,,,,,,,,,,,,,,,,,,,,,,,,,,,,,,,,,,,,,,,,,,,,,,,,,,,,,,,,,,,,,,,,,,,,,,1654,6598,8235,
2022/11/24,9439.285714,,,,,,,,,,,,,,,,,,,,,,,,,,,,,,,,,,,,,,,,,,,,,,,,,,,,,,,,,,,,,,,,,,,,,,,1672,6878,8505,
2022/11/25,10023.85714,,,,,,,,,,,,,,,,,,,,,,,,,,,,,,,,,,,,,,,,,,,,,,,,,,,,,,,,,,,,,,,,,,,,,,,1699,7166,8795,
2022/11/26,10388.57143,,,,,,,,,,,,,,,,,,,,,,,,,,,,,,,,,,,,,,,,,,,,,,,,,,,,,,,,,,,,,,,,,,,,,,,1727,7493,9085,
2022/11/27,10552.42857,,,,,,,,,,,,,,,,,,,,,,,,,,,,,,,,,,,,,,,,,,,,,,,,,,,,,,,,,,,,,,,,,,,,,,,1755,7797,9425,8119
2022/11/28,10822.57143,,,,,,,,,,,,,,,,,,,,,,,,,,,,,,,,,,,,,,,,,,,,,,,,,,,,,,,,,,,,,,,,,,,,,,,1782,8181,9866,8187
2022/11/29,11044.42857,,,,,,,,,,,,,,,,,,,,,,,,,,,,,,,,,,,,,,,,,,,,,,,,,,,,,,,,,,,,,,,,,,,,,,,1830,8565,10316,8255
2022/11/30,11998.42857,,,,,,,,,,,,,,,,,,,,,,,,,,,,,,,,,,,,,,,,,,,,,,,,,,,,,,,,,,,,,,,,,,,,,,,1888,9005,10797,8323
2022/12/1,11758,,,,,,,,,,,,,,,,,,,,,,,,,,,,,,,,,,,,,,,,,,,,,,,,,,,,,,,,,,,,,,,,,,,,,,,,9501,11298,8437
2022/12/2,11720.71429,,,,,,,,,,,,,,,,,,,,,,,,,,,,,,,,,,,,,,,,,,,,,,,,,,,,,,,,,,,,,,,,,,,,,,,,9981,11828,8551
2022/12/3,11735.42857,,,,,,,,,,,,,,,,,,,,,,,,,,,,,,,,,,,,,,,,,,,,,,,,,,,,,,,,,,,,,,,,,,,,,,,,10549,12379,8665
2022/12/4,11680.42857,,,,,,,,,,,,,,,,,,,,,,,,,,,,,,,,,,,,,,,,,,,,,,,,,,,,,,,,,,,,,,,,,,,,,,,,11150,13060,8801
2022/12/5,11793.42857,,,,,,,,,,,,,,,,,,,,,,,,,,,,,,,,,,,,,,,,,,,,,,,,,,,,,,,,,,,,,,,,,,,,,,,,11806,13681,8961
2022/12/6,11871.42857,,,,,,,,,,,,,,,,,,,,,,,,,,,,,,,,,,,,,,,,,,,,,,,,,,,,,,,,,,,,,,,,,,,,,,,,12502,14372,9143
2022/12/7,12123.42857,,,,,,,,,,,,,,,,,,,,,,,,,,,,,,,,,,,,,,,,,,,,,,,,,,,,,,,,,,,,,,,,,,,,,,,,13206,15134,9348
2022/12/8,12458.28571,,,,,,,,,,,,,,,,,,,,,,,,,,,,,,,,,,,,,,,,,,,,,,,,,,,,,,,,,,,,,,,,,,,,,,,,14039,15945,9553
2022/12/9,12635.28571,,,,,,,,,,,,,,,,,,,,,,,,,,,,,,,,,,,,,,,,,,,,,,,,,,,,,,,,,,,,,,,,,,,,,,,,14911,16767,9781
2022/12/10,12878.71429,,,,,,,,,,,,,,,,,,,,,,,,,,,,,,,,,,,,,,,,,,,,,,,,,,,,,,,,,,,,,,,,,,,,,,,,15895,17679,10032
2022/12/11,13114.42857,,,,,,,,,,,,,,,,,,,,,,,,,,,,,,,,,,,,,,,,,,,,,,,,,,,,,,,,,,,,,,,,,,,,,,,,17008,18571,10306
2022/12/12,13734.14286,,,,,,,,,,,,,,,,,,,,,,,,,,,,,,,,,,,,,,,,,,,,,,,,,,,,,,,,,,,,,,,,,,,,,,,,18169,19763,10534
2022/12/13,14283.14286,,,,,,,,,,,,,,,,,,,,,,,,,,,,,,,,,,,,,,,,,,,,,,,,,,,,,,,,,,,,,,,,,,,,,,,,19481,20926,10853
2022/12/14,14792.85714,,,,,,,,,,,,,,,,,,,,,,,,,,,,,,,,,,,,,,,,,,,,,,,,,,,,,,,,,,,,,,,,,,,,,,,,20922,22209,11195
2022/12/15,15175.14286,,,,,,,,,,,,,,,,,,,,,,,,,,,,,,,,,,,,,,,,,,,,,,,,,,,,,,,,,,,,,,,,,,,,,,,,,23572,11560
2022/12/16,15526.14286,,,,,,,,,,,,,,,,,,,,,,,,,,,,,,,,,,,,,,,,,,,,,,,,,,,,,,,,,,,,,,,,,,,,,,,,,25105,11971
2022/12/17,15741,,,,,,,,,,,,,,,,,,,,,,,,,,,,,,,,,,,,,,,,,,,,,,,,,,,,,,,,,,,,,,,,,,,,,,,,,26769,12405
2022/12/18,15870.57143,,,,,,,,,,,,,,,,,,,,,,,,,,,,,,,,,,,,,,,,,,,,,,,,,,,,,,,,,,,,,,,,,,,,,,,,,28574,12861
2022/12/19,15976.57143,,,,,,,,,,,,,,,,,,,,,,,,,,,,,,,,,,,,,,,,,,,,,,,,,,,,,,,,,,,,,,,,,,,,,,,,,30338,13409
2022/12/20,16318.28571,,,,,,,,,,,,,,,,,,,,,,,,,,,,,,,,,,,,,,,,,,,,,,,,,,,,,,,,,,,,,,,,,,,,,,,,,32374,13934
2022/12/21,16482.71429,,,,,,,,,,,,,,,,,,,,,,,,,,,,,,,,,,,,,,,,,,,,,,,,,,,,,,,,,,,,,,,,,,,,,,,,,34549,14482
2022/12/22,16635.28571,,,,,,,,,,,,,,,,,,,,,,,,,,,,,,,,,,,,,,,,,,,,,,,,,,,,,,,,,,,,,,,,,,,,,,,,,,14961
2022/12/23,16881.57143,,,,,,,,,,,,,,,,,,,,,,,,,,,,,,,,,,,,,,,,,,,,,,,,,,,,,,,,,,,,,,,,,,,,,,,,,,15464
2022/12/24,17127.42857,,,,,,,,,,,,,,,,,,,,,,,,,,,,,,,,,,,,,,,,,,,,,,,,,,,,,,,,,,,,,,,,,,,,,,,,,,15989
2022/12/25,17193.85714,,,,,,,,,,,,,,,,,,,,,,,,,,,,,,,,,,,,,,,,,,,,,,,,,,,,,,,,,,,,,,,,,,,,,,,,,,16674
2022/12/26,17410.85714,,,,,,,,,,,,,,,,,,,,,,,,,,,,,,,,,,,,,,,,,,,,,,,,,,,,,,,,,,,,,,,,,,,,,,,,,,17404
2022/12/27,17275.28571,,,,,,,,,,,,,,,,,,,,,,,,,,,,,,,,,,,,,,,,,,,,,,,,,,,,,,,,,,,,,,,,,,,,,,,,,,18181
2022/12/28,17208.28571,,,,,,,,,,,,,,,,,,,,,,,,,,,,,,,,,,,,,,,,,,,,,,,,,,,,,,,,,,,,,,,,,,,,,,,,,,19003
2022/12/29,16803.57143,,,,,,,,,,,,,,,,,,,,,,,,,,,,,,,,,,,,,,,,,,,,,,,,,,,,,,,,,,,,,,,,,,,,,,,,,,
2022/12/30,15727.57143,,,,,,,,,,,,,,,,,,,,,,,,,,,,,,,,,,,,,,,,,,,,,,,,,,,,,,,,,,,,,,,,,,,,,,,,,,
2022/12/31,14843.28571,,,,,,,,,,,,,,,,,,,,,,,,,,,,,,,,,,,,,,,,,,,,,,,,,,,,,,,,,,,,,,,,,,,,,,,,,,
2023/1/1,14716.57143,,,,,,,,,,,,,,,,,,,,,,,,,,,,,,,,,,,,,,,,,,,,,,,,,,,,,,,,,,,,,,,,,,,,,,,,,,
2023/1/2,12943,,,,,,,,,,,,,,,,,,,,,,,,,,,,,,,,,,,,,,,,,,,,,,,,,,,,,,,,,,,,,,,,,,,,,,,,,,
2023/1/3,11560.71429,,,,,,,,,,,,,,,,,,,,,,,,,,,,,,,,,,,,,,,,,,,,,,,,,,,,,,,,,,,,,,,,,,,,,,,,,,
2023/1/4,11898.85714,,,,,,,,,,,,,,,,,,,,,,,,,,,,,,,,,,,,,,,,,,,,,,,,,,,,,,,,,,,,,,,,,,,,,,,,,,
2023/1/5,12783.42857,,,,,,,,,,,,,,,,,,,,,,,,,,,,,,,,,,,,,,,,,,,,,,,,,,,,,,,,,,,,,,,,,,,,,,,,,,
2023/1/6,13988,,,,,,,,,,,,,,,,,,,,,,,,,,,,,,,,,,,,,,,,,,,,,,,,,,,,,,,,,,,,,,,,,,,,,,,,,,
2023/1/7,14829.42857,,,,,,,,,,,,,,,,,,,,,,,,,,,,,,,,,,,,,,,,,,,,,,,,,,,,,,,,,,,,,,,,,,,,,,,,,,
2023/1/8,14924.28571,,,,,,,,,,,,,,,,,,,,,,,,,,,,,,,,,,,,,,,,,,,,,,,,,,,,,,,,,,,,,,,,,,,,,,,,,,
2023/1/9,14614,,,,,,,,,,,,,,,,,,,,,,,,,,,,,,,,,,,,,,,,,,,,,,,,,,,,,,,,,,,,,,,,,,,,,,,,,,
2023/1/10,15499,,,,,,,,,,,,,,,,,,,,,,,,,,,,,,,,,,,,,,,,,,,,,,,,,,,,,,,,,,,,,,,,,,,,,,,,,,
2023/1/11,14454.57143,,,,,,,,,,,,,,,,,,,,,,,,,,,,,,,,,,,,,,,,,,,,,,,,,,,,,,,,,,,,,,,,,,,,,,,,,,
2023/1/12,13103.28571,,,,,,,,,,,,,,,,,,,,,,,,,,,,,,,,,,,,,,,,,,,,,,,,,,,,,,,,,,,,,,,,,,,,,,,,,,
2023/1/13,11830.71429,,,,,,,,,,,,,,,,,,,,,,,,,,,,,,,,,,,,,,,,,,,,,,,,,,,,,,,,,,,,,,,,,,,,,,,,,,
2023/1/14,10858.42857,,,,,,,,,,,,,,,,,,,,,,,,,,,,,,,,,,,,,,,,,,,,,,,,,,,,,,,,,,,,,,,,,,,,,,,,,,
2023/1/15,10323.42857,,,,,,,,,,,,,,,,,,,,,,,,,,,,,,,,,,,,,,,,,,,,,,,,,,,,,,,,,,,,,,,,,,,,,,,,,,
2023/1/16,10849.85714,,,,,,,,,,,,,,,,,,,,,,,,,,,,,,,,,,,,,,,,,,,,,,,,,,,,,,,,,,,,,,,,,,,,,,,,,,
2023/1/17,9771.571429,,,,,,,,,,,,,,,,,,,,,,,,,,,,,,,,,,,,,,,,,,,,,,,,,,,,,,,,,,,,,,,,,,,,,,,,,,
2023/1/18,8959.571429,,,,,,,,,,,,,,,,,,,,,,,,,,,,,,,,,,,,,,,,,,,,,,,,,,,,,,,,,,,,,,,,,,,,,,,,,,
2023/1/19,8299.571429,,,,,,,,,,,,,,,,,,,,,,,,,,,,,,,,,,,,,,,,,,,,,,,,,,,,,,,,,,,,,,,,,,,,,,,,,,
2023/1/20,7714.571429,,,,,,,,,,,,,,,,,,,,,,,,,,,,,,,,,,,,,,,,,,,,,,,,,,,,,,,,,,,,,,,,,,,,,,,,,,
2023/1/21,7264.142857,,,,,,,,,,,,,,,,,,,,,,,,,,,,,,,,,,,,,,,,,,,,,,,,,,,,,,,,,,,,,,,,,,,,,,,,,,
2023/1/22,7013.285714,,,,,,,,,,,,,,,,,,,,,,,,,,,,,,,,,,,,,,,,,,,,,,,,,,,,,,,,,,,,,,,,,,,,,,,,,,
2023/1/23,6465.857143,,,,,,,,,,,,,,,,,,,,,,,,,,,,,,,,,,,,,,,,,,,,,,,,,,,,,,,,,,,,,,,,,,,,,,,,,,
2023/1/24,6000,,,,,,,,,,,,,,,,,,,,,,,,,,,,,,,,,,,,,,,,,,,,,,,,,,,,,,,,,,,,,,,,,,,,,,,,,,
2023/1/25,5620.857143,,,,,,,,,,,,,,,,,,,,,,,,,,,,,,,,,,,,,,,,,,,,,,,,,,,,,,,,,,,,,,,,,,,,,,,,,,
2023/1/26,5299.714286,,,,,,,,,,,,,,,,,,,,,,,,,,,,,,,,,,,,,,,,,,,,,,,,,,,,,,,,,,,,,,,,,,,,,,,,,,
2023/1/27,4999.571429,,,,,,,,,,,,,,,,,,,,,,,,,,,,,,,,,,,,,,,,,,,,,,,,,,,,,,,,,,,,,,,,,,,,,,,,,,
2023/1/28,4758.857143,,,,,,,,,,,,,,,,,,,,,,,,,,,,,,,,,,,,,,,,,,,,,,,,,,,,,,,,,,,,,,,,,,,,,,,,,,
2023/1/29,4637.285714,,,,,,,,,,,,,,,,,,,,,,,,,,,,,,,,,,,,,,,,,,,,,,,,,,,,,,,,,,,,,,,,,,,,,,,,,,
2023/1/30,4290.571429,,,,,,,,,,,,,,,,,,,,,,,,,,,,,,,,,,,,,,,,,,,,,,,,,,,,,,,,,,,,,,,,,,,,,,,,,,
2023/1/31,4004.571429,,,,,,,,,,,,,,,,,,,,,,,,,,,,,,,,,,,,,,,,,,,,,,,,,,,,,,,,,,,,,,,,,,,,,,,,,,
2023/2/1,3785.428571,,,,,,,,,,,,,,,,,,,,,,,,,,,,,,,,,,,,,,,,,,,,,,,,,,,,,,,,,,,,,,,,,,,,,,,,,,
2023/2/2,3584,,,,,,,,,,,,,,,,,,,,,,,,,,,,,,,,,,,,,,,,,,,,,,,,,,,,,,,,,,,,,,,,,,,,,,,,,,
2023/2/3,3367.285714,,,,,,,,,,,,,,,,,,,,,,,,,,,,,,,,,,,,,,,,,,,,,,,,,,,,,,,,,,,,,,,,,,,,,,,,,,
2023/2/4,3203,,,,,,,,,,,,,,,,,,,,,,,,,,,,,,,,,,,,,,,,,,,,,,,,,,,,,,,,,,,,,,,,,,,,,,,,,,
2023/2/5,3101.857143,,,,,,,,,,,,,,,,,,,,,,,,,,,,,,,,,,,,,,,,,,,,,,,,,,,,,,,,,,,,,,,,,,,,,,,,,,
2023/2/6,2854.714286,,,,,,,,,,,,,,,,,,,,,,,,,,,,,,,,,,,,,,,,,,,,,,,,,,,,,,,,,,,,,,,,,,,,,,,,,,
2023/2/7,2668.428571,,,,,,,,,,,,,,,,,,,,,,,,,,,,,,,,,,,,,,,,,,,,,,,,,,,,,,,,,,,,,,,,,,,,,,,,,,
2023/2/8,2474.571429,,,,,,,,,,,,,,,,,,,,,,,,,,,,,,,,,,,,,,,,,,,,,,,,,,,,,,,,,,,,,,,,,,,,,,,,,,
2023/2/9,2327.857143,,,,,,,,,,,,,,,,,,,,,,,,,,,,,,,,,,,,,,,,,,,,,,,,,,,,,,,,,,,,,,,,,,,,,,,,,,
2023/2/10,2150.714286,,,,,,,,,,,,,,,,,,,,,,,,,,,,,,,,,,,,,,,,,,,,,,,,,,,,,,,,,,,,,,,,,,,,,,,,,,
2023/2/11,1940.142857,,,,,,,,,,,,,,,,,,,,,,,,,,,,,,,,,,,,,,,,,,,,,,,,,,,,,,,,,,,,,,,,,,,,,,,,,,
2023/2/12,1895.714286,,,,,,,,,,,,,,,,,,,,,,,,,,,,,,,,,,,,,,,,,,,,,,,,,,,,,,,,,,,,,,,,,,,,,,,,,,
2023/2/13,1766.285714,,,,,,,,,,,,,,,,,,,,,,,,,,,,,,,,,,,,,,,,,,,,,,,,,,,,,,,,,,,,,,,,,,,,,,,,,,
2023/2/14,1656.571429,,,,,,,,,,,,,,,,,,,,,,,,,,,,,,,,,,,,,,,,,,,,,,,,,,,,,,,,,,,,,,,,,,,,,,,,,,
2023/2/15,1555.285714,,,,,,,,,,,,,,,,,,,,,,,,,,,,,,,,,,,,,,,,,,,,,,,,,,,,,,,,,,,,,,,,,,,,,,,,,,
2023/2/16,1463.142857,,,,,,,,,,,,,,,,,,,,,,,,,,,,,,,,,,,,,,,,,,,,,,,,,,,,,,,,,,,,,,,,,,,,,,,,,,
2023/2/17,1376.571429,,,,,,,,,,,,,,,,,,,,,,,,,,,,,,,,,,,,,,,,,,,,,,,,,,,,,,,,,,,,,,,,,,,,,,,,,,
2023/2/18,1400.857143,,,,,,,,,,,,,,,,,,,,,,,,,,,,,,,,,,,,,,,,,,,,,,,,,,,,,,,,,,,,,,,,,,,,,,,,,,
2023/2/19,1357.714286,,,,,,,,,,,,,,,,,,,,,,,,,,,,,,,,,,,,,,,,,,,,,,,,,,,,,,,,,,,,,,,,,,,,,,,,,,
2023/2/20,1245.285714,,,,,,,,,,,,,,,,,,,,,,,,,,,,,,,,,,,,,,,,,,,,,,,,,,,,,,,,,,,,,,,,,,,,,,,,,,
2023/2/21,1150,,,,,,,,,,,,,,,,,,,,,,,,,,,,,,,,,,,,,,,,,,,,,,,,,,,,,,,,,,,,,,,,,,,,,,,,,,
2023/2/22,1095.285714,,,,,,,,,,,,,,,,,,,,,,,,,,,,,,,,,,,,,,,,,,,,,,,,,,,,,,,,,,,,,,,,,,,,,,,,,,
2023/2/23,973.2857143,,,,,,,,,,,,,,,,,,,,,,,,,,,,,,,,,,,,,,,,,,,,,,,,,,,,,,,,,,,,,,,,,,,,,,,,,,
2023/2/24,979,,,,,,,,,,,,,,,,,,,,,,,,,,,,,,,,,,,,,,,,,,,,,,,,,,,,,,,,,,,,,,,,,,,,,,,,,,
2023/2/25,955.1428571,,,,,,,,,,,,,,,,,,,,,,,,,,,,,,,,,,,,,,,,,,,,,,,,,,,,,,,,,,,,,,,,,,,,,,,,,,
2023/2/26,934.4285714,,,,,,,,,,,,,,,,,,,,,,,,,,,,,,,,,,,,,,,,,,,,,,,,,,,,,,,,,,,,,,,,,,,,,,,,,,
2023/2/27,896.5714286,,,,,,,,,,,,,,,,,,,,,,,,,,,,,,,,,,,,,,,,,,,,,,,,,,,,,,,,,,,,,,,,,,,,,,,,,,
2023/2/28,874.4285714,,,,,,,,,,,,,,,,,,,,,,,,,,,,,,,,,,,,,,,,,,,,,,,,,,,,,,,,,,,,,,,,,,,,,,,,,,
2023/3/1,856.5714286,,,,,,,,,,,,,,,,,,,,,,,,,,,,,,,,,,,,,,,,,,,,,,,,,,,,,,,,,,,,,,,,,,,,,,,,,,
2023/3/2,904.4285714,,,,,,,,,,,,,,,,,,,,,,,,,,,,,,,,,,,,,,,,,,,,,,,,,,,,,,,,,,,,,,,,,,,,,,,,,,
2023/3/3,848.5714286,,,,,,,,,,,,,,,,,,,,,,,,,,,,,,,,,,,,,,,,,,,,,,,,,,,,,,,,,,,,,,,,,,,,,,,,,,
2023/3/4,832.8571429,,,,,,,,,,,,,,,,,,,,,,,,,,,,,,,,,,,,,,,,,,,,,,,,,,,,,,,,,,,,,,,,,,,,,,,,,,
2023/3/5,827.2857143,,,,,,,,,,,,,,,,,,,,,,,,,,,,,,,,,,,,,,,,,,,,,,,,,,,,,,,,,,,,,,,,,,,,,,,,,,
2023/3/6,800.5714286,,,,,,,,,,,,,,,,,,,,,,,,,,,,,,,,,,,,,,,,,,,,,,,,,,,,,,,,,,,,,,,,,,,,,,,,,,
2023/3/7,785.2857143,,,,,,,,,,,,,,,,,,,,,,,,,,,,,,,,,,,,,,,,,,,,,,,,,,,,,,,,,,,,,,,,,,,,,,,,,,
2023/3/8,762.1428571,,,,,,,,,,,,,,,,,,,,,,,,,,,,,,,,,,,,,,,,,,,,,,,,,,,,,,,,,,,,,,,,,,,,,,,,,,
2023/3/9,763.5714286,,,,,,,,,,,,,,,,,,,,,,,,,,,,,,,,,,,,,,,,,,,,,,,,,,,,,,,,,,,,,,,,,,,,,,,,,,
2023/3/10,764.8571429,,,,,,,,,,,,,,,,,,,,,,,,,,,,,,,,,,,,,,,,,,,,,,,,,,,,,,,,,,,,,,,,,,,,,,,,,,
2023/3/11,751.7142857,,,,,,,,,,,,,,,,,,,,,,,,,,,,,,,,,,,,,,,,,,,,,,,,,,,,,,,,,,,,,,,,,,,,,,,,,,
2023/3/12,748.5714286,,,,,,,,,,,,,,,,,,,,,,,,,,,,,,,,,,,,,,,,,,,,,,,,,,,,,,,,,,,,,,,,,,,,,,,,,,
2023/3/13,748,,,,,,,,,,,,,,,,,,,,,,,,,,,,,,,,,,,,,,,,,,,,,,,,,,,,,,,,,,,,,,,,,,,,,,,,,,
2023/3/14,732.5714286,,,,,,,,,,,,,,,,,,,,,,,,,,,,,,,,,,,,,,,,,,,,,,,,,,,,,,,,,,,,,,,,,,,,,,,,,,
2023/3/15,716,,,,,,,,,,,,,,,,,,,,,,,,,,,,,,,,,,,,,,,,,,,,,,,,,,,,,,,,,,,,,,,,,,,,,,,,,,
2023/3/16,695.1428571,,,,,,,,,,,,,,,,,,,,,,,,,,,,,,,,,,,,,,,,,,,,,,,,,,,,,,,,,,,,,,,,,,,,,,,,,,
2023/3/17,668.8571429,,,,,,,,,,,,,,,,,,,,,,,,,,,,,,,,,,,,,,,,,,,,,,,,,,,,,,,,,,,,,,,,,,,,,,,,,,
2023/3/18,659.1428571,,,,,,,,,,,,,,,,,,,,,,,,,,,,,,,,,,,,,,,,,,,,,,,,,,,,,,,,,,,,,,,,,,,,,,,,,,
2023/3/19,653,,,,,,,,,,,,,,,,,,,,,,,,,,,,,,,,,,,,,,,,,,,,,,,,,,,,,,,,,,,,,,,,,,,,,,,,,,
2023/3/20,637.1428571,,,,,,,,,,,,,,,,,,,,,,,,,,,,,,,,,,,,,,,,,,,,,,,,,,,,,,,,,,,,,,,,,,,,,,,,,,
2023/3/21,573.2857143,,,,,,,,,,,,,,,,,,,,,,,,,,,,,,,,,,,,,,,,,,,,,,,,,,,,,,,,,,,,,,,,,,,,,,,,,,
2023/3/22,606.2857143,,,,,,,,,,,,,,,,,,,,,,,,,,,,,,,,,,,,,,,,,,,,,,,,,,,,,,,,,,,,,,,,,,,,,,,,,,
2023/3/23,643.5714286,,,,,,,,,,,,,,,,,,,,,,,,,,,,,,,,,,,,,,,,,,,,,,,,,,,,,,,,,,,,,,,,,,,,,,,,,,
2023/3/24,677.2857143,,,,,,,,,,,,,,,,,,,,,,,,,,,,,,,,,,,,,,,,,,,,,,,,,,,,,,,,,,,,,,,,,,,,,,,,,,
2023/3/25,694.5714286,,,,,,,,,,,,,,,,,,,,,,,,,,,,,,,,,,,,,,,,,,,,,,,,,,,,,,,,,,,,,,,,,,,,,,,,,,
2023/3/26,707,,,,,,,,,,,,,,,,,,,,,,,,,,,,,,,,,,,,,,,,,,,,,,,,,,,,,,,,,,,,,,,,,,,,,,,,,,
2023/3/27,724.5714286,,,,,,,,,,,,,,,,,,,,,,,,,,,,,,,,,,,,,,,,,,,,,,,,,,,,,,,,,,,,,,,,,,,,,,,,,,
2023/3/28,814.7142857,,,,,,,,,,,,,,,,,,,,,,,,,,,,,,,,,,,,,,,,,,,,,,,,,,,,,,,,,,,,,,,,,,,,,,,,,,
2023/3/29,822,,,,,,,,,,,,,,,,,,,,,,,,,,,,,,,,,,,,,,,,,,,,,,,,,,,,,,,,,,,,,,,,,,,,,,,,,,
2023/3/30,817.7142857,,,,,,,,,,,,,,,,,,,,,,,,,,,,,,,,,,,,,,,,,,,,,,,,,,,,,,,,,,,,,,,,,,,,,,,,,,
2023/3/31,837.4285714,,,,,,,,,,,,,,,,,,,,,,,,,,,,,,,,,,,,,,,,,,,,,,,,,,,,,,,,,,,,,,,,,,,,,,,,,,
2023/4/1,855.7142857,,,,,,,,,,,,,,,,,,,,,,,,,,,,,,,,,,,,,,,,,,,,,,,,,,,,,,,,,,,,,,,,,,,,,,,,,,
2023/4/2,864.5714286,,,,,,,,,,,,,,,,,,,,,,,,,,,,,,,,,,,,,,,,,,,,,,,,,,,,,,,,,,,,,,,,,,,,,,,,,,
2023/4/3,915.1428571,,,,,,,,,,,,,,,,,,,,,,,,,,,,,,,,,,,,,,,,,,,,,,,,,,,,,,,,,,,,,,,,,,,,,,,,,,
2023/4/4,944.4285714,,,,,,,,,,,,,,,,,,,,,,,,,,,,,,,,,,,,,,,,,,,,,,,,,,,,,,,,,,,,,,,,,,,,,,,,,,
2023/4/5,965,,,,,,,,,,,,,,,,,,,,,,,,,,,,,,,,,,,,,,,,,,,,,,,,,,,,,,,,,,,,,,,,,,,,,,,,,,
2023/4/6,1004.428571,,,,,,,,,,,,,,,,,,,,,,,,,,,,,,,,,,,,,,,,,,,,,,,,,,,,,,,,,,,,,,,,,,,,,,,,,,
2023/4/7,1042.571429,,,,,,,,,,,,,,,,,,,,,,,,,,,,,,,,,,,,,,,,,,,,,,,,,,,,,,,,,,,,,,,,,,,,,,,,,,
2023/4/8,1066.714286,,,,,,,,,,,,,,,,,,,,,,,,,,,,,,,,,,,,,,,,,,,,,,,,,,,,,,,,,,,,,,,,,,,,,,,,,,
2023/4/9,1072.571429,,,,,,,,,,,,,,,,,,,,,,,,,,,,,,,,,,,,,,,,,,,,,,,,,,,,,,,,,,,,,,,,,,,,,,,,,,
2023/4/10,1091.571429,,,,,,,,,,,,,,,,,,,,,,,,,,,,,,,,,,,,,,,,,,,,,,,,,,,,,,,,,,,,,,,,,,,,,,,,,,
2023/4/11,1109.142857,,,,,,,,,,,,,,,,,,,,,,,,,,,,,,,,,,,,,,,,,,,,,,,,,,,,,,,,,,,,,,,,,,,,,,,,,,
2023/4/12,1120.857143,,,,,,,,,,,,,,,,,,,,,,,,,,,,,,,,,,,,,,,,,,,,,,,,,,,,,,,,,,,,,,,,,,,,,,,,,,
2023/4/13,1132.714286,,,,,,,,,,,,,,,,,,,,,,,,,,,,,,,,,,,,,,,,,,,,,,,,,,,,,,,,,,,,,,,,,,,,,,,,,,
2023/4/14,1124.571429,,,,,,,,,,,,,,,,,,,,,,,,,,,,,,,,,,,,,,,,,,,,,,,,,,,,,,,,,,,,,,,,,,,,,,,,,,
2023/4/15,1114.142857,,,,,,,,,,,,,,,,,,,,,,,,,,,,,,,,,,,,,,,,,,,,,,,,,,,,,,,,,,,,,,,,,,,,,,,,,,
2023/4/16,1115.857143,,,,,,,,,,,,,,,,,,,,,,,,,,,,,,,,,,,,,,,,,,,,,,,,,,,,,,,,,,,,,,,,,,,,,,,,,,
2023/4/17,1145,,,,,,,,,,,,,,,,,,,,,,,,,,,,,,,,,,,,,,,,,,,,,,,,,,,,,,,,,,,,,,,,,,,,,,,,,,
2023/4/18,1170.857143,,,,,,,,,,,,,,,,,,,,,,,,,,,,,,,,,,,,,,,,,,,,,,,,,,,,,,,,,,,,,,,,,,,,,,,,,,
2023/4/19,1207.857143,,,,,,,,,,,,,,,,,,,,,,,,,,,,,,,,,,,,,,,,,,,,,,,,,,,,,,,,,,,,,,,,,,,,,,,,,,
2023/4/20,1239.285714,,,,,,,,,,,,,,,,,,,,,,,,,,,,,,,,,,,,,,,,,,,,,,,,,,,,,,,,,,,,,,,,,,,,,,,,,,
2023/4/21,1277.428571,,,,,,,,,,,,,,,,,,,,,,,,,,,,,,,,,,,,,,,,,,,,,,,,,,,,,,,,,,,,,,,,,,,,,,,,,,
2023/4/22,1312.714286,,,,,,,,,,,,,,,,,,,,,,,,,,,,,,,,,,,,,,,,,,,,,,,,,,,,,,,,,,,,,,,,,,,,,,,,,,
2023/4/23,1326.571429,,,,,,,,,,,,,,,,,,,,,,,,,,,,,,,,,,,,,,,,,,,,,,,,,,,,,,,,,,,,,,,,,,,,,,,,,,
2023/4/24,1357,,,,,,,,,,,,,,,,,,,,,,,,,,,,,,,,,,,,,,,,,,,,,,,,,,,,,,,,,,,,,,,,,,,,,,,,,,
2023/4/25,1390,,,,,,,,,,,,,,,,,,,,,,,,,,,,,,,,,,,,,,,,,,,,,,,,,,,,,,,,,,,,,,,,,,,,,,,,,,
2023/4/26,1420.571429,,,,,,,,,,,,,,,,,,,,,,,,,,,,,,,,,,,,,,,,,,,,,,,,,,,,,,,,,,,,,,,,,,,,,,,,,,
2023/4/27,1445.142857,,,,,,,,,,,,,,,,,,,,,,,,,,,,,,,,,,,,,,,,,,,,,,,,,,,,,,,,,,,,,,,,,,,,,,,,,,
2023/4/28,1507.714286,,,,,,,,,,,,,,,,,,,,,,,,,,,,,,,,,,,,,,,,,,,,,,,,,,,,,,,,,,,,,,,,,,,,,,,,,,
2023/4/29,1484.571429,,,,,,,,,,,,,,,,,,,,,,,,,,,,,,,,,,,,,,,,,,,,,,,,,,,,,,,,,,,,,,,,,,,,,,,,,,
2023/4/30,1522.571429,,,,,,,,,,,,,,,,,,,,,,,,,,,,,,,,,,,,,,,,,,,,,,,,,,,,,,,,,,,,,,,,,,,,,,,,,,
2023/5/1,1621.857143,,,,,,,,,,,,,,,,,,,,,,,,,,,,,,,,,,,,,,,,,,,,,,,,,,,,,,,,,,,,,,,,,,,,,,,,,,
2023/5/2,1685,,,,,,,,,,,,,,,,,,,,,,,,,,,,,,,,,,,,,,,,,,,,,,,,,,,,,,,,,,,,,,,,,,,,,,,,,,
2023/5/3,1589.428571,,,,,,,,,,,,,,,,,,,,,,,,,,,,,,,,,,,,,,,,,,,,,,,,,,,,,,,,,,,,,,,,,,,,,,,,,,
2023/5/4,1488.428571,,,,,,,,,,,,,,,,,,,,,,,,,,,,,,,,,,,,,,,,,,,,,,,,,,,,,,,,,,,,,,,,,,,,,,,,,,
2023/5/5,1366.571429,,,,,,,,,,,,,,,,,,,,,,,,,,,,,,,,,,,,,,,,,,,,,,,,,,,,,,,,,,,,,,,,,,,,,,,,,,
2023/5/6,1562.142857,,,,,,,,,,,,,,,,,,,,,,,,,,,,,,,,,,,,,,,,,,,,,,,,,,,,,,,,,,,,,,,,,,,,,,,,,,
2023/5/7,1632.714286,,,,,,,,,,,,,,,,,,,,,,,,,,,,,,,,,,,,,,,,,,,,,,,,,,,,,,,,,,,,,,,,,,,,,,,,,,