date,Actual,2021/8/10,2021/8/22,2021/8/29,2021/9/1,2021/9/8,2022/1/25,2022/2/1,2022/2/8,2022/2/14,2022/7/11,2022/7/19,2022/7/25,2022/8/17,2022/8/31,2022/12/13,2023/4/25
2021/3/1,269 ,,,,,,,,,,,,,,,,
2021/3/2,263 ,,,,,,,,,,,,,,,,
2021/3/3,278 ,,,,,,,,,,,,,,,,
2021/3/4,269 ,,,,,,,,,,,,,,,,
2021/3/5,274 ,,,,,,,,,,,,,,,,
2021/3/6,267 ,,,,,,,,,,,,,,,,
2021/3/7,254 ,,,,,,,,,,,,,,,,
2021/3/8,253 ,,,,,,,,,,,,,,,,
2021/3/9,262 ,,,,,,,,,,,,,,,,
2021/3/10,265 ,,,,,,,,,,,,,,,,
2021/3/11,273 ,,,,,,,,,,,,,,,,
2021/3/12,274 ,,,,,,,,,,,,,,,,
2021/3/13,279 ,,,,,,,,,,,,,,,,
2021/3/14,279 ,,,,,,,,,,,,,,,,
2021/3/15,288 ,,,,,,,,,,,,,,,,
2021/3/16,289 ,,,,,,,,,,,,,,,,
2021/3/17,299 ,,,,,,,,,,,,,,,,
2021/3/18,297 ,,,,,,,,,,,,,,,,
2021/3/19,297 ,,,,,,,,,,,,,,,,
2021/3/20,299 ,,,,,,,,,,,,,,,,
2021/3/21,301 ,,,,,,,,,,,,,,,,
2021/3/22,303 ,,,,,,,,,,,,,,,,
2021/3/23,308 ,,,,,,,,,,,,,,,,
2021/3/24,310 ,,,,,,,,,,,,,,,,
2021/3/25,320 ,,,,,,,,,,,,,,,,
2021/3/26,330 ,,,,,,,,,,,,,,,,
2021/3/27,343 ,,,,,,,,,,,,,,,,
2021/3/28,351 ,,,,,,,,,,,,,,,,
2021/3/29,358 ,,,,,,,,,,,,,,,,
2021/3/30,362 ,,,,,,,,,,,,,,,,
2021/3/31,361 ,,,,,,,,,,,,,,,,
2021/4/1,372 ,,,,,,,,,,,,,,,,
2021/4/2,381 ,,,,,,,,,,,,,,,,
2021/4/3,383 ,,,,,,,,,,,,,,,,
2021/4/4,389 ,,,,,,,,,,,,,,,,
2021/4/5,391 ,,,,,,,,,,,,,,,,
2021/4/6,396 ,,,,,,,,,,,,,,,,
2021/4/7,416 ,,,,,,,,,,,,,,,,
2021/4/8,426 ,,,,,,,,,,,,,,,,
2021/4/9,440 ,,,,,,,,,,,,,,,,
2021/4/10,458 ,,,,,,,,,,,,,,,,
2021/4/11,467 ,,,,,,,,,,,,,,,,
2021/4/12,476 ,,,,,,,,,,,,,,,,
2021/4/13,492 ,,,,,,,,,,,,,,,,
2021/4/14,497 ,,,,,,,,,,,,,,,,
2021/4/15,524 ,,,,,,,,,,,,,,,,
2021/4/16,542 ,,,,,,,,,,,,,,,,
2021/4/17,569 ,,,,,,,,,,,,,,,,
2021/4/18,586 ,,,,,,,,,,,,,,,,
2021/4/19,600 ,,,,,,,,,,,,,,,,
2021/4/20,628 ,,,,,,,,,,,,,,,,
2021/4/21,664 ,,,,,,,,,,,,,,,,
2021/4/22,683 ,,,,,,,,,,,,,,,,
2021/4/23,696 ,,,,,,,,,,,,,,,,
2021/4/24,713 ,,,,,,,,,,,,,,,,
2021/4/25,726 ,,,,,,,,,,,,,,,,
2021/4/26,729 ,,,,,,,,,,,,,,,,
2021/4/27,746 ,,,,,,,,,,,,,,,,
2021/4/28,758 ,,,,,,,,,,,,,,,,
2021/4/29,782 ,,,,,,,,,,,,,,,,
2021/4/30,774 ,,,,,,,,,,,,,,,,
2021/5/1,799 ,,,,,,,,,,,,,,,,
2021/5/2,834 ,,,,,,,,,,,,,,,,
2021/5/3,874 ,,,,,,,,,,,,,,,,
2021/5/4,842 ,,,,,,,,,,,,,,,,
2021/5/5,798 ,,,,,,,,,,,,,,,,
2021/5/6,735 ,,,,,,,,,,,,,,,,
2021/5/7,765 ,,,,,,,,,,,,,,,,
2021/5/8,776 ,,,,,,,,,,,,,,,,
2021/5/9,798 ,,,,,,,,,,,,,,,,
2021/5/10,779 ,,,,,,,,,,,,,,,,
2021/5/11,825 ,,,,,,,,,,,,,,,,
2021/5/12,875 ,,,,,,,,,,,,,,,,
2021/5/13,935 ,,,,,,,,,,,,,,,,
2021/5/14,927 ,,,,,,,,,,,,,,,,
2021/5/15,877 ,,,,,,,,,,,,,,,,
2021/5/16,807 ,,,,,,,,,,,,,,,,
2021/5/17,785 ,,,,,,,,,,,,,,,,
2021/5/18,757 ,,,,,,,,,,,,,,,,
2021/5/19,728 ,,,,,,,,,,,,,,,,
2021/5/20,705 ,,,,,,,,,,,,,,,,
2021/5/21,675 ,,,,,,,,,,,,,,,,
2021/5/22,651 ,,,,,,,,,,,,,,,,
2021/5/23,649 ,,,,,,,,,,,,,,,,
2021/5/24,638 ,,,,,,,,,,,,,,,,
2021/5/25,610 ,,,,,,,,,,,,,,,,
2021/5/26,607 ,,,,,,,,,,,,,,,,
2021/5/27,583 ,,,,,,,,,,,,,,,,
2021/5/28,578 ,,,,,,,,,,,,,,,,
2021/5/29,570 ,,,,,,,,,,,,,,,,
2021/5/30,558 ,,,,,,,,,,,,,,,,
2021/5/31,546 ,,,,,,,,,,,,,,,,
2021/6/1,536 ,,,,,,,,,,,,,,,,
2021/6/2,500 ,,,,,,,,,,,,,,,,
2021/6/3,475 ,,,,,,,,,,,,,,,,
2021/6/4,455 ,,,,,,,,,,,,,,,,
2021/6/5,440 ,,,,,,,,,,,,,,,,
2021/6/6,426 ,,,,,,,,,,,,,,,,
2021/6/7,423 ,,,,,,,,,,,,,,,,
2021/6/8,409 ,,,,,,,,,,,,,,,,
2021/6/9,402 ,,,,,,,,,,,,,,,,
2021/6/10,391 ,,,,,,,,,,,,,,,,
2021/6/11,386 ,,,,,,,,,,,,,,,,
2021/6/12,391 ,,,,,,,,,,,,,,,,
2021/6/13,384 ,,,,,,,,,,,,,,,,
2021/6/14,380 ,,,,,,,,,,,,,,,,
2021/6/15,375 ,,,,,,,,,,,,,,,,
2021/6/16,384 ,,,,,,,,,,,,,,,,
2021/6/17,386 ,,,,,,,,,,,,,,,,
2021/6/18,388 ,,,,,,,,,,,,,,,,
2021/6/19,377 ,,,,,,,,,,,,,,,,
2021/6/20,388 ,,,,,,,,,,,,,,,,
2021/6/21,392 ,,,,,,,,,,,,,,,,
2021/6/22,406 ,,,,,,,,,,,,,,,,
2021/6/23,423 ,,,,,,,,,,,,,,,,
2021/6/24,440 ,,,,,,,,,,,,,,,,
2021/6/25,455 ,,,,,,,,,,,,,,,,
2021/6/26,476 ,,,,,,,,,,,,,,,,
2021/6/27,478 ,,,,,,,,,,,,,,,,
2021/6/28,490 ,,,,,,,,,,,,,,,,
2021/6/29,495 ,,,,,,,,,,,,,,,,
2021/6/30,509 ,,,,,,,,,,,,,,,,
2021/7/1,524 ,,,,,,,,,,,,,,,,
2021/7/2,537 ,,,,,,,,,,,,,,,,
2021/7/3,563 ,,,,,,,,,,,,,,,,
2021/7/4,582 ,,,,,,,,,,,,,,,,
2021/7/5,586 ,,,,,,,,,,,,,,,,
2021/7/6,602 ,,,,,,,,,,,,,,,,
2021/7/7,632 ,,,,,,,,,,,,,,,,
2021/7/8,663 ,,,,,,,,,,,,,,,,
2021/7/9,687 ,,,,,,,,,,,,,,,,
2021/7/10,720 ,,,,,,,,,,,,,,,,
2021/7/11,734 ,,,,,,,,,,,,,,,,
2021/7/12,757 ,,,,,,,,,,,,,,,,
2021/7/13,791 ,,,,,,,,,,,,,,,,
2021/7/14,824 ,,,,,,,,,,,,,,,,
2021/7/15,883 ,,,,,,,,,,,,,,,,
2021/7/16,947 ,,,,,,,,,,,,,,,,
2021/7/17,1012 ,,,,,,,,,,,,,,,,
2021/7/18,1069 ,,,,,,,,,,,,,,,,
2021/7/19,1101 ,,,,,,,,,,,,,,,,
2021/7/20,1181 ,,,,,,,,,,,,,,,,
2021/7/21,1280 ,,,,,,,,,,,,,,,,
2021/7/22,1376 ,,,,,,,,,,,,,,,,
2021/7/23,1390 ,,,,,,,,,,,,,,,,
2021/7/24,1352 ,,,,,,,,,,,,,,,,
2021/7/25,1463 ,,,,,,,,,,,,,,,,
2021/7/26,1566 ,,,,,,,,,,,,,,,,
2021/7/27,1780 ,,,,,,,,,,,,,,,,
2021/7/28,1979 ,,,,,,,,,,,,,,,,
2021/7/29,2256 ,,,,,,,,,,,,,,,,
2021/7/30,2544 ,,,,,,,,,,,,,,,,
2021/7/31,2972 ,,,,,,,,,,,,,,,,
2021/8/1,3165 ,,,,,,,,,,,,,,,,
2021/8/2,3284 ,,,,,,,,,,,,,,,,
2021/8/3,3414 ,,,,,,,,,,,,,,,,
2021/8/4,3568 ,,,,,,,,,,,,,,,,
2021/8/5,3744 ,,,,,,,,,,,,,,,,
2021/8/6,3930 ,,,,,,,,,,,,,,,,
2021/8/7,4003 ,,,,,,,,,,,,,,,,
2021/8/8,4146 ,,,,,,,,,,,,,,,,
2021/8/9,4245 ,,,,,,,,,,,,,,,,
2021/8/10,4099 ,4303 ,,,,,,,,,,,,,,,
2021/8/11,4114 ,4441 ,,,,,,,,,,,,,,,
2021/8/12,4112 ,4603 ,,,,,,,,,,,,,,,
2021/8/13,4286 ,4746 ,,,,,,,,,,,,,,,
2021/8/14,4372 ,4864 ,,,,,,,,,,,,,,,
2021/8/15,4403 ,4952 ,,,,,,,,,,,,,,,
2021/8/16,4424 ,5033 ,,,,,,,,,,,,,,,
2021/8/17,4675 ,5089 ,,,,,,,,,,,,,,,
2021/8/18,4838 ,5107 ,,,,,,,,,,,,,,,
2021/8/19,4923 ,5113 ,,,,,,,,,,,,,,,
2021/8/20,4869 ,5088 ,,,,,,,,,,,,,,,
2021/8/21,4869 ,5050 ,,,,,,,,,,,,,,,
2021/8/22,4882 ,5019 ,5222 ,,,,,,,,,,,,,,
2021/8/23,4799 ,4994 ,5302 ,,,,,,,,,,,,,,
2021/8/24,4769 ,5006 ,5380 ,,,,,,,,,,,,,,
2021/8/25,4593 ,4975 ,5455 ,,,,,,,,,,,,,,
2021/8/26,4458 ,4918 ,5503 ,,,,,,,,,,,,,,
2021/8/27,4290 ,4862 ,5547 ,,,,,,,,,,,,,,
2021/8/28,4067 ,4812 ,5561 ,,,,,,,,,,,,,,
2021/8/29,3878 ,4768 ,5585 ,,,,,,,,,,,,,,
2021/8/30,3797 ,4730 ,5585 ,3968 ,,,,,,,,,,,,,
2021/8/31,3597 ,4724 ,5633 ,3861 ,,,,,,,,,,,,,
2021/9/1,3431 ,4680 ,5654 ,3799 ,,,,,,,,,,,,,
2021/9/2,3190 ,4605 ,5627 ,3655 ,3088 ,,,,,,,,,,,,
2021/9/3,2931 ,4505 ,5587 ,3573 ,3089 ,,,,,,,,,,,,
2021/9/4,2742 ,4411 ,5523 ,3499 ,3076 ,,,,,,,,,,,,
2021/9/5,2561 ,4311 ,5493 ,3446 ,3011 ,,,,,,,,,,,,
2021/9/6,2419 ,4230 ,5493 ,3409 ,2966 ,,,,,,,,,,,,
2021/9/7,2234 ,4148 ,5474 ,3397 ,2914 ,,,,,,,,,,,,
2021/9/8,2043 ,4080 ,5393 ,3352 ,2855 ,,,,,,,,,,,,
2021/9/9,1840 ,3998 ,5312 ,3323 ,2785 ,2043 ,,,,,,,,,,,
2021/9/10,1656 ,3811 ,5231 ,3348 ,2829 ,1689 ,,,,,,,,,,,
2021/9/11,1500 ,3711 ,5171 ,3398 ,2591 ,1825 ,,,,,,,,,,,
2021/9/12,1390 ,3617 ,5110 ,3437 ,2533 ,1695 ,,,,,,,,,,,
2021/9/13,1325 ,3486 ,5063 ,,2472 ,1566 ,,,,,,,,,,,
2021/9/14,1231 ,3386 ,4992 ,,2329 ,1464 ,,,,,,,,,,,
2021/9/15,1121 ,3304 ,4902 ,,2259 ,1369 ,,,,,,,,,,,
2021/9/16,995 ,,,,2198 ,1294 ,,,,,,,,,,,
2021/9/17,918 ,,,,2142 ,1280 ,,,,,,,,,,,
2021/9/18,837 ,,,,2090 ,1301 ,,,,,,,,,,,
2021/9/19,757 ,,,,1977 ,1355 ,,,,,,,,,,,
2021/9/20,720 ,,,,1922 ,1328 ,,,,,,,,,,,
2021/9/21,609 ,,,,1787 ,1294 ,,,,,,,,,,,
2021/9/22,520 ,,,,1821 ,1246 ,,,,,,,,,,,
2021/9/23,484 ,,,,1744 ,1212 ,,,,,,,,,,,
2021/9/24,413 ,,,,1728 ,1178 ,,,,,,,,,,,
2021/9/25,362 ,,,,1705 ,1117 ,,,,,,,,,,,
2021/9/26,329 ,,,,1670 ,1028 ,,,,,,,,,,,
2021/9/27,310 ,,,,1562 ,940 ,,,,,,,,,,,
2021/9/28,316 ,,,,1503 ,831 ,,,,,,,,,,,
2021/9/29,289 ,,,,1445 ,810 ,,,,,,,,,,,
2021/9/30,241 ,,,,1393 ,776 ,,,,,,,,,,,
2021/10/1,238 ,,,,1345 ,742 ,,,,,,,,,,,
2021/10/2,215 ,,,,1242 ,694 ,,,,,,,,,,,
2021/10/3,191 ,,,,1171 ,660 ,,,,,,,,,,,
2021/10/4,186 ,,,,1081 ,613 ,,,,,,,,,,,
2021/10/5,167 ,,,,986 ,592 ,,,,,,,,,,,
2021/10/6,153 ,,,,893 ,579 ,,,,,,,,,,,
2021/10/7,144 ,,,,727 ,558 ,,,,,,,,,,,
2021/10/8,131 ,,,,652 ,551 ,,,,,,,,,,,
2021/10/9,115 ,,,,581 ,545 ,,,,,,,,,,,
2021/10/10,105 ,,,,517 ,572 ,,,,,,,,,,,
2021/10/11,97 ,,,,399 ,606 ,,,,,,,,,,,
2021/10/12,88 ,,,,359 ,633 ,,,,,,,,,,,
2021/10/13,75 ,,,,329 ,633 ,,,,,,,,,,,
2021/10/14,62 ,,,,308 ,599 ,,,,,,,,,,,
2021/10/15,56 ,,,,289 ,599 ,,,,,,,,,,,
2021/10/16,54 ,,,,287 ,599 ,,,,,,,,,,,
2021/10/17,52 ,,,,287 ,613 ,,,,,,,,,,,
2021/10/18,50 ,,,,281 ,626 ,,,,,,,,,,,
2021/10/19,48 ,,,,281 ,647 ,,,,,,,,,,,
2021/10/20,44 ,,,,281 ,660 ,,,,,,,,,,,
2021/10/21,42 ,,,,275 ,674 ,,,,,,,,,,,
2021/10/22,37 ,,,,275 ,715 ,,,,,,,,,,,
2021/10/23,33 ,,,,275 ,742 ,,,,,,,,,,,
2021/10/24,29 ,,,,275 ,769 ,,,,,,,,,,,
2021/10/25,29 ,,,,269 ,797 ,,,,,,,,,,,
2021/10/26,27 ,,,,266 ,810 ,,,,,,,,,,,
2021/10/27,26 ,,,,263 ,824 ,,,,,,,,,,,
2021/10/28,25 ,,,,263 ,831 ,,,,,,,,,,,
2021/10/29,25 ,,,,263 ,837 ,,,,,,,,,,,
2021/10/30,23 ,,,,,858 ,,,,,,,,,,,
2021/10/31,23 ,,,,,851 ,,,,,,,,,,,
2021/11/1,23 ,,,,,844 ,,,,,,,,,,,
2021/11/2,22 ,,,,,844 ,,,,,,,,,,,
2021/11/3,21 ,,,,,844 ,,,,,,,,,,,
2021/11/4,20 ,,,,,844 ,,,,,,,,,,,
2021/11/5,19 ,,,,,858 ,,,,,,,,,,,
2021/11/6,20 ,,,,,858 ,,,,,,,,,,,
2021/11/7,21 ,,,,,858 ,,,,,,,,,,,
2021/11/8,21 ,,,,,858 ,,,,,,,,,,,
2021/11/9,22 ,,,,,858 ,,,,,,,,,,,
2021/11/10,21 ,,,,,858 ,,,,,,,,,,,
2021/11/11,23 ,,,,,858 ,,,,,,,,,,,
2021/11/12,23 ,,,,,858 ,,,,,,,,,,,
2021/11/13,22 ,,,,,858 ,,,,,,,,,,,
2021/11/14,21 ,,,,,858 ,,,,,,,,,,,
2021/11/15,20 ,,,,,858 ,,,,,,,,,,,
2021/11/16,19 ,,,,,858 ,,,,,,,,,,,
2021/11/17,19 ,,,,,858 ,,,,,,,,,,,
2021/11/18,19 ,,,,,858 ,,,,,,,,,,,
2021/11/19,18 ,,,,,858 ,,,,,,,,,,,
2021/11/20,17 ,,,,,858 ,,,,,,,,,,,
2021/11/21,18 ,,,,,858 ,,,,,,,,,,,
2021/11/22,17 ,,,,,844 ,,,,,,,,,,,
2021/11/23,17 ,,,,,844 ,,,,,,,,,,,
2021/11/24,15 ,,,,,858 ,,,,,,,,,,,
2021/11/25,15 ,,,,,858 ,,,,,,,,,,,
2021/11/26,15 ,,,,,858 ,,,,,,,,,,,
2021/11/27,15 ,,,,,858 ,,,,,,,,,,,
2021/11/28,13 ,,,,,858 ,,,,,,,,,,,
2021/11/29,14 ,,,,,858 ,,,,,,,,,,,
2021/11/30,15 ,,,,,858 ,,,,,,,,,,,
2021/12/1,17 ,,,,,858 ,,,,,,,,,,,
2021/12/2,15 ,,,,,858 ,,,,,,,,,,,
2021/12/3,14 ,,,,,858 ,,,,,,,,,,,
2021/12/4,15 ,,,,,858 ,,,,,,,,,,,
2021/12/5,16 ,,,,,872 ,,,,,,,,,,,
2021/12/6,15 ,,,,,872 ,,,,,,,,,,,
2021/12/7,15 ,,,,,872 ,,,,,,,,,,,
2021/12/8,15 ,,,,,865 ,,,,,,,,,,,
2021/12/9,17 ,,,,,858 ,,,,,,,,,,,
2021/12/10,17 ,,,,,858 ,,,,,,,,,,,
2021/12/11,17 ,,,,,858 ,,,,,,,,,,,
2021/12/12,17 ,,,,,858 ,,,,,,,,,,,
2021/12/13,18 ,,,,,872 ,,,,,,,,,,,
2021/12/14,20 ,,,,,872 ,,,,,,,,,,,
2021/12/15,21 ,,,,,872 ,,,,,,,,,,,
2021/12/16,21 ,,,,,878 ,,,,,,,,,,,
2021/12/17,22 ,,,,,885 ,,,,,,,,,,,
2021/12/18,23 ,,,,,885 ,,,,,,,,,,,
2021/12/19,26 ,,,,,885 ,,,,,,,,,,,
2021/12/20,26 ,,,,,892 ,,,,,,,,,,,
2021/12/21,27 ,,,,,899 ,,,,,,,,,,,
2021/12/22,27 ,,,,,912 ,,,,,,,,,,,
2021/12/23,29 ,,,,,926 ,,,,,,,,,,,
2021/12/24,30 ,,,,,933 ,,,,,,,,,,,
2021/12/25,32 ,,,,,940 ,,,,,,,,,,,
2021/12/26,33 ,,,,,940 ,,,,,,,,,,,
2021/12/27,37 ,,,,,946 ,,,,,,,,,,,
2021/12/28,40 ,,,,,953 ,,,,,,,,,,,
2021/12/29,47 ,,,,,967 ,,,,,,,,,,,
2021/12/30,53 ,,,,,967 ,,,,,,,,,,,
2021/12/31,59 ,,,,,980 ,,,,,,,,,,,
2022/1/1,65 ,,,,,987 ,,,,,,,,,,,
2022/1/2,69 ,,,,,994 ,,,,,,,,,,,
2022/1/3,82 ,,,,,1015 ,,,,,,,,,,,
2022/1/4,96 ,,,,,1028 ,,,,,,,,,,,
2022/1/5,145 ,,,,,1035 ,,,,,,,,,,,
2022/1/6,235 ,,,,,1055 ,,,,,,,,,,,
2022/1/7,369 ,,,,,1076 ,,,,,,,,,,,
2022/1/8,555 ,,,,,1076 ,,,,,,,,,,,
2022/1/9,730 ,,,,,1083 ,,,,,,,,,,,
2022/1/10,851 ,,,,,1103 ,,,,,,,,,,,
2022/1/11,961 ,,,,,1103 ,,,,,,,,,,,
2022/1/12,1245 ,,,,,1103 ,,,,,,,,,,,
2022/1/13,1691 ,,,,,1110 ,,,,,,,,,,,
2022/1/14,2166 ,,,,,1110 ,,,,,,,,,,,
2022/1/15,2715 ,,,,,1103 ,,,,,,,,,,,
2022/1/16,3265 ,,,,,1096 ,,,,,,,,,,,
2022/1/17,3570 ,,,,,1069 ,,,,,,,,,,,
2022/1/18,4423 ,,,,,1055 ,,,,,,,,,,,
2022/1/19,5365 ,,,,,1035 ,,,,,,,,,,,
2022/1/20,6303 ,,,,,1035 ,,,,,,,,,,,
2022/1/21,7197 ,,,,,1035 ,,,,,,,,,,,
2022/1/22,8232 ,,,,,1035 ,,,,,,,,,,,
2022/1/23,9023 ,,,,,1035 ,,,,,,,,,,,
2022/1/24,9542 ,,,,,1021 ,,,,,,,,,,,
2022/1/25,10836 ,,,,,1001 ,,,,,,,,,,,
2022/1/26,11781 ,,,,,994 ,13168 ,,,,,,,,,,
2022/1/27,12661 ,,,,,980 ,13702 ,,,,,,,,,,
2022/1/28,13646 ,,,,,974 ,14396 ,,,,,,,,,,
2022/1/29,14551 ,,,,,960 ,15025 ,,,,,,,,,,
2022/1/30,15304 ,,,,,940 ,15536 ,,,,,,,,,,
2022/1/31,15667 ,,,,,940 ,15983 ,,,,,,,,,,
2022/2/1,16076 ,,,,,926 ,16388 ,,,,,,,,,,
2022/2/2,16494 ,,,,,926 ,16694 ,17040 ,,,,,,,,,
2022/2/3,16837 ,,,,,926 ,16979 ,17176 ,,,,,,,,,
2022/2/4,17172 ,,,,,933 ,17162 ,17231 ,,,,,,,,,
2022/2/5,17329 ,,,,,940 ,17294 ,17278 ,,,,,,,,,
2022/2/6,17286 ,,,,,940 ,17401 ,17278 ,,,,,,,,,
2022/2/7,17256 ,,,,,953 ,17453 ,17278 ,,,,,,,,,
2022/2/8,17431 ,,,,,974 ,17451 ,17229 ,,,,,,,,,
2022/2/9,17360 ,,,,,987 ,17452 ,17183 ,18907 ,,,,,,,,
2022/2/10,17287 ,,,,,1001 ,17399 ,17137 ,18832 ,,,,,,,,
2022/2/11,16767 ,,,,,1015 ,17403 ,17045 ,18618 ,,,,,,,,
2022/2/12,15058 ,,,,,1035 ,17345 ,16998 ,18280 ,,,,,,,,
2022/2/13,14872 ,,,,,1049 ,17294 ,16904 ,18130 ,,,,,,,,
2022/2/14,14609 ,,,,,1083 ,17242 ,16793 ,17757 ,,,,,,,,
2022/2/15,14297 ,,,,,1110 ,17190 ,16665 ,17522 ,14171 ,,,,,,,
2022/2/16,14063 ,,,,,1130 ,17191 ,16548 ,17100 ,13914 ,,,,,,,
2022/2/17,13777 ,,,,,1171 ,17137 ,16383 ,16743 ,13616 ,,,,,,,
2022/2/18,13415 ,,,,,1192 ,17137 ,16217 ,16493 ,13352 ,,,,,,,
2022/2/19,14237 ,,,,,1205 ,17137 ,15982 ,16304 ,13093 ,,,,,,,
2022/2/20,13752 ,,,,,1226 ,17137 ,15749 ,15971 ,12918 ,,,,,,,
2022/2/21,13537 ,,,,,1246 ,17111 ,15422 ,15756 ,12763 ,,,,,,,
2022/2/22,12999 ,,,,,1273 ,17084 ,15095 ,15570 ,12573 ,,,,,,,
2022/2/23,12711 ,,,,,1301 ,17084 ,14770 ,15435 ,12367 ,,,,,,,
2022/2/24,11314 ,,,,,1328 ,17035 ,14402 ,15296 ,12235 ,,,,,,,
2022/2/25,11140 ,,,,,1355 ,17015 ,14030 ,15174 ,12116 ,,,,,,,
2022/2/26,11080 ,,,,,1409 ,16924 ,13707 ,15045 ,11945 ,,,,,,,
2022/2/27,10923 ,,,,,1437 ,16841 ,13408 ,14929 ,11907 ,,,,,,,
2022/2/28,10887 ,,,,,1457 ,16722 ,13176 ,14835 ,11817 ,,,,,,,
2022/3/1,10741 ,,,,,1478 ,16611 ,12994 ,14714 ,11692 ,,,,,,,
2022/3/2,10421 ,,,,,1498 ,16434 ,12900 ,14587 ,11484 ,,,,,,,
2022/3/3,11056 ,,,,,1518 ,16249 ,12830 ,14498 ,11350 ,,,,,,,
2022/3/4,10617 ,,,,,1546 ,16022 ,12806 ,14425 ,11115 ,,,,,,,
2022/3/5,10183 ,,,,,1614 ,15780 ,12805 ,14381 ,10882 ,,,,,,,
2022/3/6,9884 ,,,,,1641 ,15505 ,12853 ,14330 ,10694 ,,,,,,,
2022/3/7,9668 ,,,,,1668 ,15243 ,12902 ,14268 ,10351 ,,,,,,,
2022/3/8,9304 ,,,,,1682 ,14959 ,12932 ,14235 ,10115 ,,,,,,,
2022/3/9,9008 ,,,,,1695 ,14674 ,12947 ,14204 ,9852 ,,,,,,,
2022/3/10,8740 ,,,,,1702 ,14389 ,12970 ,14142 ,9557 ,,,,,,,
2022/3/11,8541 ,,,,,1689 ,14130 ,12970 ,14075 ,9361 ,,,,,,,
2022/3/12,8310 ,,,,,1675 ,13916 ,12970 ,13997 ,9143 ,,,,,,,
2022/3/13,8190 ,,,,,1661 ,13721 ,12947 ,13907 ,9032 ,,,,,,,
2022/3/14,8151 ,,,,,1655 ,13590 ,12947 ,13794 ,8886 ,,,,,,,
2022/3/15,8053 ,,,,,1648 ,13465 ,12947 ,13696 ,8838 ,,,,,,,
2022/3/16,7938 ,,,,,1641 ,13410 ,12923 ,13541 ,8787 ,,,,,,,
2022/3/17,7781 ,,,,,1627 ,13359 ,12923 ,13416 ,8737 ,,,,,,,
2022/3/18,7643 ,,,,,1621 ,13359 ,12914 ,13289 ,8712 ,,,,,,,
2022/3/19,7431 ,,,,,1621 ,13359 ,12900 ,13165 ,8688 ,,,,,,,
2022/3/20,7246 ,,,,,1607 ,13359 ,12900 ,13022 ,8708 ,,,,,,,
2022/3/21,7187 ,,,,,1607 ,13374 ,12874 ,12900 ,8721 ,,,,,,,
2022/3/22,6213 ,,,,,1621 ,13412 ,12853 ,12778 ,8656 ,,,,,,,
2022/3/23,6103 ,,,,,1634 ,13412 ,12853 ,12655 ,8624 ,,,,,,,
2022/3/24,6162 ,,,,,1648 ,13412 ,12809 ,12531 ,8516 ,,,,,,,
2022/3/25,6228 ,,,,,1661 ,13412 ,12806 ,12407 ,8491 ,,,,,,,
2022/3/26,6320 ,,,,,1668 ,13412 ,12756 ,12286 ,8387 ,,,,,,,
2022/3/27,6458 ,,,,,1675 ,13383 ,12723 ,12159 ,8299 ,,,,,,,
2022/3/28,6522 ,,,,,1702 ,13359 ,12711 ,12036 ,8198 ,,,,,,,
2022/3/29,7417 ,,,,,1702 ,13306 ,12701 ,11930 ,8122 ,,,,,,,
2022/3/30,7525 ,,,,,,,,,,,,,,,,
2022/3/31,7528 ,,,,,,,,,,,,,,,,
2022/4/1,7526 ,,,,,,,,,,,,,,,,
2022/4/2,7606 ,,,,,,,,,,,,,,,,
2022/4/3,7617 ,,,,,,,,,,,,,,,,
2022/4/4,7567 ,,,,,,,,,,,,,,,,
2022/4/5,7481 ,,,,,,,,,,,,,,,,
2022/4/6,7479 ,,,,,,,,,,,,,,,,
2022/4/7,7518 ,,,,,,,,,,,,,,,,
2022/4/8,7580 ,,,,,,,,,,,,,,,,
2022/4/9,7582 ,,,,,,,,,,,,,,,,
2022/4/10,7583 ,,,,,,,,,,,,,,,,
2022/4/11,7607 ,,,,,,,,,,,,,,,,
2022/4/12,7658 ,,,,,,,,,,,,,,,,
2022/4/13,7594 ,,,,,,,,,,,,,,,,
2022/4/14,7406 ,,,,,,,,,,,,,,,,
2022/4/15,7196 ,,,,,,,,,,,,,,,,
2022/4/16,6897 ,,,,,,,,,,,,,,,,
2022/4/17,6605 ,,,,,,,,,,,,,,,,
2022/4/18,6435 ,,,,,,,,,,,,,,,,
2022/4/19,6114 ,,,,,,,,,,,,,,,,
2022/4/20,5838 ,,,,,,,,,,,,,,,,
2022/4/21,5636 ,,,,,,,,,,,,,,,,
2022/4/22,5493 ,,,,,,,,,,,,,,,,
2022/4/23,5420 ,,,,,,,,,,,,,,,,
2022/4/24,5390 ,,,,,,,,,,,,,,,,
2022/4/25,5397 ,,,,,,,,,,,,,,,,
2022/4/26,5274 ,,,,,,,,,,,,,,,,
2022/4/27,5116 ,,,,,,,,,,,,,,,,
2022/4/28,4938 ,,,,,,,,,,,,,,,,
2022/4/29,4757 ,,,,,,,,,,,,,,,,
2022/4/30,4252 ,,,,,,,,,,,,,,,,
2022/5/1,4078 ,,,,,,,,,,,,,,,,
2022/5/2,4017 ,,,,,,,,,,,,,,,,
2022/5/3,3745 ,,,,,,,,,,,,,,,,
2022/5/4,3303 ,,,,,,,,,,,,,,,,
2022/5/5,2953 ,,,,,,,,,,,,,,,,
2022/5/6,2713 ,,,,,,,,,,,,,,,,
2022/5/7,3075 ,,,,,,,,,,,,,,,,
2022/5/8,3220 ,,,,,,,,,,,,,,,,
2022/5/9,3291 ,,,,,,,,,,,,,,,,
2022/5/10,3437 ,,,,,,,,,,,,,,,,
2022/5/11,3734 ,,,,,,,,,,,,,,,,
2022/5/12,3982 ,,,,,,,,,,,,,,,,
2022/5/13,4179 ,,,,,,,,,,,,,,,,
2022/5/14,4066 ,,,,,,,,,,,,,,,,
2022/5/15,3919 ,,,,,,,,,,,,,,,,
2022/5/16,3811 ,,,,,,,,,,,,,,,,
2022/5/17,3708 ,,,,,,,,,,,,,,,,
2022/5/18,3673 ,,,,,,,,,,,,,,,,
2022/5/19,3625 ,,,,,,,,,,,,,,,,
2022/5/20,3585 ,,,,,,,,,,,,,,,,
2022/5/21,3577 ,,,,,,,,,,,,,,,,
2022/5/22,3532 ,,,,,,,,,,,,,,,,
2022/5/23,3501 ,,,,,,,,,,,,,,,,
2022/5/24,3433 ,,,,,,,,,,,,,,,,
2022/5/25,3323 ,,,,,,,,,,,,,,,,
2022/5/26,3212 ,,,,,,,,,,,,,,,,
2022/5/27,3083 ,,,,,,,,,,,,,,,,
2022/5/28,2886 ,,,,,,,,,,,,,,,,
2022/5/29,2750 ,,,,,,,,,,,,,,,,
2022/5/30,2684 ,,,,,,,,,,,,,,,,
2022/5/31,2510 ,,,,,,,,,,,,,,,,
2022/6/1,2331 ,,,,,,,,,,,,,,,,
2022/6/2,2221 ,,,,,,,,,,,,,,,,
2022/6/3,2130 ,,,,,,,,,,,,,,,,
2022/6/4,2044 ,,,,,,,,,,,,,,,,
2022/6/5,1977 ,,,,,,,,,,,,,,,,
2022/6/6,1942 ,,,,,,,,,,,,,,,,
2022/6/7,1850 ,,,,,,,,,,,,,,,,
2022/6/8,1789 ,,,,,,,,,,,,,,,,
2022/6/9,1712 ,,,,,,,,,,,,,,,,
2022/6/10,1654 ,,,,,,,,,,,,,,,,
2022/6/11,1610 ,,,,,,,,,,,,,,,,
2022/6/12,1593 ,,,,,,,,,,,,,,,,
2022/6/13,1593 ,,,,,,,,,,,,,,,,
2022/6/14,1581 ,,,,,,,,,,,,,,,,
2022/6/15,1566 ,,,,,,,,,,,,,,,,
2022/6/16,1564 ,,,,,,,,,,,,,,,,
2022/6/17,1565 ,,,,,,,,,,,,,,,,
2022/6/18,1601 ,,,,,,,,,,,,,,,,
2022/6/19,1622 ,,,,,,,,,,,,,,,,
2022/6/20,1626 ,,,,,,,,,,,,,,,,
2022/6/21,1677 ,,,,,,,,,,,,,,,,
2022/6/22,1754 ,,,,,,,,,,,,,,,,
2022/6/23,1844 ,,,,,,,,,,,,,,,,
2022/6/24,1914 ,,,,,,,,,,,,,,,,
2022/6/25,1978 ,,,,,,,,,,,,,,,,
2022/6/26,2046 ,,,,,,,,,,,,,,,,
2022/6/27,2098 ,,,,,,,,,,,,,,,,
2022/6/28,2234 ,,,,,,,,,,,,,,,,
2022/6/29,2431 ,,,,,,,,,,,,,,,,
2022/6/30,2630 ,,,,,,,,,,,,,,,,
2022/7/1,2837 ,,,,,,,,,,,,,,,,
2022/7/2,3018 ,,,,,,,,,,,,,,,,
2022/7/3,3279 ,,,,,,,,,,,,,,,,
2022/7/4,3505 ,,,,,,,,,,,,,,,,
2022/7/5,3804 ,,,,,,,,,,,,,,,,
2022/7/6,4441 ,,,,,,,,,,,,,,,,
2022/7/7,5128 ,,,,,,,,,,,,,,,,
2022/7/8,5875 ,,,,,,,,,,,,,,,,
2022/7/9,6746 ,,,,,,,,,,,,,,,,
2022/7/10,7560 ,,,,,,,,,,,,,,,,
2022/7/11,8054 ,,,,,,,,,,,,,,,,
2022/7/12,8941 ,,,,,,,,,,11538 ,,,,,,
2022/7/13,10161 ,,,,,,,,,,12535 ,,,,,,
2022/7/14,11322 ,,,,,,,,,,12988 ,,,,,,
2022/7/15,12791 ,,,,,,,,,,13411 ,,,,,,
2022/7/16,14106 ,,,,,,,,,,14213 ,,,,,,
2022/7/17,15293 ,,,,,,,,,,14786 ,,,,,,
2022/7/18,16216 ,,,,,,,,,,15324 ,,,,,,
2022/7/19,16146 ,,,,,,,,,,15416 ,,,,,,
2022/7/20,16649 ,,,,,,,,,,15486 ,16010 ,,,,,
2022/7/21,18823 ,,,,,,,,,,15575 ,16644 ,,,,,
2022/7/22,21100 ,,,,,,,,,,15496 ,16977 ,,,,,
2022/7/23,23068 ,,,,,,,,,,15526 ,17400 ,,,,,
2022/7/24,24543 ,,,,,,,,,,15466 ,17631 ,,,,,
2022/7/25,25927 ,,,,,,,,,,15375 ,17793 ,,,,,
2022/7/26,28866 ,,,,,,,,,,15103 ,17762 ,27899 ,,,,
2022/7/27,30100 ,,,,,,,,,,14952 ,17762 ,28369 ,,,,
2022/7/28,31318 ,,,,,,,,,,14741 ,17672 ,28852 ,,,,
2022/7/29,31578 ,,,,,,,,,,14348 ,17460 ,29547 ,,,,
2022/7/30,31688 ,,,,,,,,,,14106 ,17370 ,30216 ,,,,
2022/7/31,32178 ,,,,,,,,,,13925 ,17219 ,31202 ,,,,
2022/8/1,32116 ,,,,,,,,,,13532 ,17007 ,32116 ,,,,
2022/8/2,32009 ,,,,,,,,,,13411 ,16614 ,33555 ,,,,
2022/8/3,33424 ,,,,,,,,,,13290 ,16372 ,34355 ,,,,
2022/8/4,32700 ,,,,,,,,,,13018 ,15919 ,34114 ,,,,
2022/8/5,32836 ,,,,,,,,,,12958 ,15708 ,33930 ,,,,
2022/8/6,32480 ,,,,,,,,,,12807 ,15466 ,34578 ,,,,
2022/8/7,31733 ,,,,,,,,,,12746 ,15043 ,34563 ,,,,
2022/8/8,31151 ,,,,,,,,,,12656 ,14862 ,34443 ,,,,
2022/8/9,30904 ,,,,,,,,,,12625 ,14680 ,34231 ,,,,
2022/8/10,30233 ,,,,,,,,,,12625 ,14348 ,33929 ,,,,
2022/8/11,29648 ,,,,,,,,,,12535 ,14197 ,33204 ,,,,
2022/8/12,27168 ,,,,,,,,,,12444 ,13985 ,32841 ,,,,
2022/8/13,26139 ,,,,,,,,,,12444 ,13955 ,32478 ,,,,
2022/8/14,25629 ,,,,,,,,,,12444 ,13895 ,32116 ,,,,
2022/8/15,26379 ,,,,,,,,,,12444 ,13895 ,31723 ,,,,
2022/8/16,25579 ,,,,,,,,,,12444 ,13895 ,31149 ,,,,
2022/8/17,24889 ,,,,,,,,,,12444 ,13895 ,30847 ,,,,
2022/8/18,24347 ,,,,,,,,,,12444 ,13895 ,30575 ,22869 ,,,
2022/8/19,25386 ,,,,,,,,,,12444 ,13895 ,30333 ,22748 ,,,
2022/8/20,25601 ,,,,,,,,,,12444 ,13895 ,30091 ,22711 ,,,
2022/8/21,25893 ,,,,,,,,,,12444 ,13895 ,29849 ,22446 ,,,
2022/8/22,24743 ,,,,,,,,,,12444 ,13811 ,29245 ,21872 ,,,
2022/8/23,24494 ,,,,,,,,,,12625 ,13774 ,28882 ,21570 ,,,
2022/8/24,23926 ,,,,,,,,,,12444 ,13592 ,28490 ,21011 ,,,
2022/8/25,23309 ,,,,,,,,,,12444 ,13441 ,28127 ,20331 ,,,
2022/8/26,21987 ,,,,,,,,,,12459 ,13139 ,27644 ,19878 ,,,
2022/8/27,20822 ,,,,,,,,,,12384 ,12958 ,26496 ,19394 ,,,
2022/8/28,19544 ,,,,,,,,,,12429 ,12565 ,25559 ,18397 ,,,
2022/8/29,18801 ,,,,,,,,,,12051 ,12323 ,24924 ,17883 ,,,
2022/8/30,17722 ,,,,,,,,,,11991 ,12263 ,24410 ,17339 ,,,
2022/8/31,16291 ,,,,,,,,,,11930 ,11765 ,23725 ,16252 ,,,
2022/9/1,15052 ,,,,,,,,,,11810 ,11458 ,22627 ,15708 ,11636 ,,
2022/9/2,14193 ,,,,,,,,,,11810 ,11151 ,22013 ,15254 ,10963 ,,
2022/9/3,13541 ,,,,,,,,,,11689 ,10946 ,21237 ,14771 ,10537 ,,
2022/9/4,12655 ,,,,,,,,,,11326 ,10933 ,20794 ,13895 ,9923 ,,
2022/9/5,12286 ,,,,,,,,,,11175 ,10661 ,20180 ,13472 ,9940 ,,
2022/9/6,11610 ,,,,,,,,,,11084 ,10540 ,19515 ,13048 ,8803 ,,
2022/9/7,11344 ,,,,,,,,,,11084 ,10329 ,19122 ,12384 ,8848 ,,
2022/9/8,10800 ,,,,,,,,,,10873 ,10268 ,18880 ,11961 ,8829 ,,
2022/9/9,10347 ,,,,,,,,,,10722 ,10178 ,18518 ,11266 ,7996 ,,
2022/9/10,9979 ,,,,,,,,,,10540 ,9997 ,18337 ,10903 ,7984 ,,
2022/9/11,9710 ,,,,,,,,,,10420 ,9936 ,18155 ,10268 ,6854 ,,
2022/9/12,9475 ,,,,,,,,,,10268 ,9906 ,17440 ,9936 ,6612 ,,
2022/9/13,9385 ,,,,,,,,,,10435 ,9923 ,17581 ,9755 ,6340 ,,
2022/9/14,8960 ,,,,,,,,,,10238 ,9412 ,17793 ,9412 ,5640 ,,
2022/9/15,8701 ,,,,,,,,,,10178 ,9543 ,17494 ,8999 ,5514 ,,
2022/9/16,8614 ,,,,,,,,,,10178 ,9483 ,17249 ,8788 ,5313 ,,
2022/9/17,8333 ,,,,,,,,,,10087 ,9422 ,17067 ,8425 ,5132 ,,
2022/9/18,8380 ,,,,,,,,,,9997 ,9362 ,17007 ,8244 ,4829 ,,
2022/9/19,8153 ,,,,,,,,,,9997 ,9302 ,16916 ,8123 ,4497 ,,
2022/9/20,7430 ,,,,,,,,,,9997 ,9271 ,16886 ,7821 ,4285 ,,
2022/9/21,6925 ,,,,,,,,,,9997 ,9271 ,16856 ,7673 ,4134 ,,
2022/9/22,6929 ,,,,,,,,,,9936 ,9271 ,16735 ,7609 ,3983 ,,
2022/9/23,6775 ,,,,,,,,,,9997 ,9271 ,16705 ,7458 ,3844 ,,
2022/9/24,6323 ,,,,,,,,,,9886 ,9271 ,16705 ,7428 ,3581 ,,
2022/9/25,5972 ,,,,,,,,,,9634 ,9271 ,16705 ,7277 ,3409 ,,
2022/9/26,6293 ,,,,,,,,,,9634 ,9271 ,16705 ,7096 ,3107 ,,
2022/9/27,6501 ,,,,,,,,,,9634 ,9271 ,16705 ,6914 ,3097 ,,
2022/9/28,6254 ,,,,,,,,,,9543 ,9271 ,16705 ,,,,
2022/9/29,5708 ,,,,,,,,,,,,,,,,
2022/9/30,5279 ,,,,,,,,,,,,,,,,
2022/10/1,5134 ,,,,,,,,,,,,,,,,
2022/10/2,4748 ,,,,,,,,,,,,,,,,
2022/10/3,4085 ,,,,,,,,,,,,,,,,
2022/10/4,3951 ,,,,,,,,,,,,,,,,
2022/10/5,3771 ,,,,,,,,,,,,,,,,
2022/10/6,3487 ,,,,,,,,,,,,,,,,
2022/10/7,3343 ,,,,,,,,,,,,,,,,
2022/10/8,3168 ,,,,,,,,,,,,,,,,
2022/10/9,3070 ,,,,,,,,,,,,,,,,
2022/10/10,3027 ,,,,,,,,,,,,,,,,
2022/10/11,2627 ,,,,,,,,,,,,,,,,
2022/10/12,2730 ,,,,,,,,,,,,,,,,
2022/10/13,2915 ,,,,,,,,,,,,,,,,
2022/10/14,2907 ,,,,,,,,,,,,,,,,
2022/10/15,2997 ,,,,,,,,,,,,,,,,
2022/10/16,3065 ,,,,,,,,,,,,,,,,
2022/10/17,3095 ,,,,,,,,,,,,,,,,
2022/10/18,3482 ,,,,,,,,,,,,,,,,
2022/10/19,3399 ,,,,,,,,,,,,,,,,
2022/10/20,3277 ,,,,,,,,,,,,,,,,
2022/10/21,3184 ,,,,,,,,,,,,,,,,
2022/10/22,3183 ,,,,,,,,,,,,,,,,
2022/10/23,3196 ,,,,,,,,,,,,,,,,
2022/10/24,3217 ,,,,,,,,,,,,,,,,
2022/10/25,3287 ,,,,,,,,,,,,,,,,
2022/10/26,3307 ,,,,,,,,,,,,,,,,
2022/10/27,3372 ,,,,,,,,,,,,,,,,
2022/10/28,3469 ,,,,,,,,,,,,,,,,
2022/10/29,3596 ,,,,,,,,,,,,,,,,
2022/10/30,3722 ,,,,,,,,,,,,,,,,
2022/10/31,3762 ,,,,,,,,,,,,,,,,
2022/11/1,4022 ,,,,,,,,,,,,,,,,
2022/11/2,4308 ,,,,,,,,,,,,,,,,
2022/11/3,4700 ,,,,,,,,,,,,,,,,
2022/11/4,4638 ,,,,,,,,,,,,,,,,
2022/11/5,5188 ,,,,,,,,,,,,,,,,
2022/11/6,5556 ,,,,,,,,,,,,,,,,
2022/11/7,5766 ,,,,,,,,,,,,,,,,
2022/11/8,6072 ,,,,,,,,,,,,,,,,
2022/11/9,6453 ,,,,,,,,,,,,,,,,
2022/11/10,6637 ,,,,,,,,,,,,,,,,
2022/11/11,7324 ,,,,,,,,,,,,,,,,
2022/11/12,7331 ,,,,,,,,,,,,,,,,
2022/11/13,7425 ,,,,,,,,,,,,,,,,
2022/11/14,7502 ,,,,,,,,,,,,,,,,
2022/11/15,7863 ,,,,,,,,,,,,,,,,
2022/11/16,8021 ,,,,,,,,,,,,,,,,
2022/11/17,8276 ,,,,,,,,,,,,,,,,
2022/11/18,8332 ,,,,,,,,,,,,,,,,
2022/11/19,8537 ,,,,,,,,,,,,,,,,
2022/11/20,8659 ,,,,,,,,,,,,,,,,
2022/11/21,8744 ,,,,,,,,,,,,,,,,
2022/11/22,8967 ,,,,,,,,,,,,,,,,
2022/11/23,9358 ,,,,,,,,,,,,,,,,
2022/11/24,8770 ,,,,,,,,,,,,,,,,
2022/11/25,9434 ,,,,,,,,,,,,,,,,
2022/11/26,10021 ,,,,,,,,,,,,,,,,
2022/11/27,10388 ,,,,,,,,,,,,,,,,
2022/11/28,10552 ,,,,,,,,,,,,,,,,
2022/11/29,10827 ,,,,,,,,,,,,,,,,
2022/11/30,11048 ,,,,,,,,,,,,,,,,
2022/12/1,12004 ,,,,,,,,,,,,,,,,
2022/12/2,11762 ,,,,,,,,,,,,,,,,
2022/12/3,11727 ,,,,,,,,,,,,,,,,
2022/12/4,11742 ,,,,,,,,,,,,,,,,
2022/12/5,11688 ,,,,,,,,,,,,,,,,
2022/12/6,11806 ,,,,,,,,,,,,,,,,
2022/12/7,11884 ,,,,,,,,,,,,,,,,
2022/12/8,12137 ,,,,,,,,,,,,,,,,
2022/12/9,12467 ,,,,,,,,,,,,,,,,
2022/12/10,12645 ,,,,,,,,,,,,,,,,
2022/12/11,12889 ,,,,,,,,,,,,,,,,
2022/12/12,13126 ,,,,,,,,,,,,,,,,
2022/12/13,13740 ,,,,,,,,,,,,,,,,
2022/12/14,14292 ,,,,,,,,,,,,,,,16462 ,
2022/12/15,14804 ,,,,,,,,,,,,,,,16646 ,
2022/12/16,15192 ,,,,,,,,,,,,,,,17082 ,
2022/12/17,15543 ,,,,,,,,,,,,,,,17267 ,
2022/12/18,15755 ,,,,,,,,,,,,,,,17714 ,
2022/12/19,15884 ,,,,,,,,,,,,,,,17928 ,
2022/12/20,15986 ,,,,,,,,,,,,,,,18334 ,
2022/12/21,16325 ,,,,,,,,,,,,,,,18590 ,
2022/12/22,16487 ,,,,,,,,,,,,,,,19082 ,
2022/12/23,16638 ,,,,,,,,,,,,,,,19257 ,
2022/12/24,16882 ,,,,,,,,,,,,,,,19616 ,
2022/12/25,17133 ,,,,,,,,,,,,,,,19723 ,
2022/12/26,17202 ,,,,,,,,,,,,,,,20111 ,
2022/12/27,17423 ,,,,,,,,,,,,,,,20261 ,
2022/12/28,17289 ,,,,,,,,,,,,,,,20514 ,
2022/12/29,17225 ,,,,,,,,,,,,,,,20560 ,
2022/12/30,16824 ,,,,,,,,,,,,,,,20877 ,
2022/12/31,15746 ,,,,,,,,,,,,,,,21091 ,
2023/1/1,14858 ,,,,,,,,,,,,,,,21369 ,
2023/1/2,14731 ,,,,,,,,,,,,,,,21647 ,
2023/1/3,12954 ,,,,,,,,,,,,,,,22074 ,
2023/1/4,11570 ,,,,,,,,,,,,,,,22523 ,
2023/1/5,11908 ,,,,,,,,,,,,,,,22715 ,
2023/1/6,12793 ,,,,,,,,,,,,,,,23164 ,
2023/1/7,13999 ,,,,,,,,,,,,,,,23314 ,
2023/1/8,14847 ,,,,,,,,,,,,,,,23570 ,
2023/1/9,14941 ,,,,,,,,,,,,,,,23549 ,
2023/1/10,14632 ,,,,,,,,,,,,,,,23549 ,
2023/1/11,15520 ,,,,,,,,,,,,,,,23335 ,
2023/1/12,14476 ,,,,,,,,,,,,,,,23110 ,
2023/1/13,13122 ,,,,,,,,,,,,,,,22779 ,
2023/1/14,11850 ,,,,,,,,,,,,,,,22352 ,
2023/1/15,10871 ,,,,,,,,,,,,,,,21647 ,
2023/1/16,10333 ,,,,,,,,,,,,,,,21241 ,
2023/1/17,10856 ,,,,,,,,,,,,,,,20279 ,
2023/1/18,9772 ,,,,,,,,,,,,,,,19146 ,
2023/1/19,8957 ,,,,,,,,,,,,,,,18655 ,
2023/1/20,8294 ,,,,,,,,,,,,,,,17415 ,
2023/1/21,7705 ,,,,,,,,,,,,,,,16923 ,
2023/1/22,7254 ,,,,,,,,,,,,,,,15684 ,
2023/1/23,7003 ,,,,,,,,,,,,,,,14765 ,
2023/1/24,6458 ,,,,,,,,,,,,,,,14145 ,
2023/1/25,5994 ,,,,,,,,,,,,,,,12948 ,
2023/1/26,5614 ,,,,,,,,,,,,,,,12577 ,
2023/1/27,5285 ,,,,,,,,,,,,,,,11837 ,
2023/1/28,4986 ,,,,,,,,,,,,,,,11495 ,
2023/1/29,4745 ,,,,,,,,,,,,,,,10939 ,
2023/1/30,4623 ,,,,,,,,,,,,,,,10555 ,
2023/1/31,4273 ,,,,,,,,,,,,,,,10170 ,
2023/2/1,3999 ,,,,,,,,,,,,,,,9785 ,
2023/2/2,3776 ,,,,,,,,,,,,,,,9229 ,
2023/2/3,3582 ,,,,,,,,,,,,,,,8802 ,
2023/2/4,3365 ,,,,,,,,,,,,,,,8375 ,
2023/2/5,3202 ,,,,,,,,,,,,,,,8075 ,
2023/2/6,3100 ,,,,,,,,,,,,,,,7819 ,
2023/2/7,2853 ,,,,,,,,,,,,,,,7541 ,
2023/2/8,2653 ,,,,,,,,,,,,,,,7327 ,
2023/2/9,2463 ,,,,,,,,,,,,,,,7071 ,
2023/2/10,2317 ,,,,,,,,,,,,,,,6900 ,
2023/2/11,2140 ,,,,,,,,,,,,,,,6558 ,
2023/2/12,1928 ,,,,,,,,,,,,,,,6408 ,
2023/2/13,1886 ,,,,,,,,,,,,,,,6237 ,
2023/2/14,1757 ,,,,,,,,,,,,,,,6071 ,
2023/2/15,1649 ,,,,,,,,,,,,,,,5936 ,
2023/2/16,1547 ,,,,,,,,,,,,,,,5665 ,
2023/2/17,1454 ,,,,,,,,,,,,,,,5580 ,
2023/2/18,1367 ,,,,,,,,,,,,,,,5487 ,
2023/2/19,1395 ,,,,,,,,,,,,,,,5351 ,
2023/2/20,1352 ,,,,,,,,,,,,,,,5083 ,
2023/2/21,1240 ,,,,,,,,,,,,,,,5223 ,
2023/2/22,1146 ,,,,,,,,,,,,,,,4912 ,
2023/2/23,1091 ,,,,,,,,,,,,,,,4827 ,
2023/2/24,970 ,,,,,,,,,,,,,,,4699 ,
2023/2/25,976 ,,,,,,,,,,,,,,,4635 ,
2023/2/26,950 ,,,,,,,,,,,,,,,4570 ,
2023/2/27,930 ,,,,,,,,,,,,,,,4528 ,
2023/2/28,891 ,,,,,,,,,,,,,,,4464 ,
2023/3/1,867 ,,,,,,,,,,,,,,,,
2023/3/2,850 ,,,,,,,,,,,,,,,,
2023/3/3,894 ,,,,,,,,,,,,,,,,
2023/3/4,839 ,,,,,,,,,,,,,,,,
2023/3/5,824 ,,,,,,,,,,,,,,,,
2023/3/6,819 ,,,,,,,,,,,,,,,,
2023/3/7,791 ,,,,,,,,,,,,,,,,
2023/3/8,777 ,,,,,,,,,,,,,,,,
2023/3/9,754 ,,,,,,,,,,,,,,,,
2023/3/10,760 ,,,,,,,,,,,,,,,,
2023/3/11,762 ,,,,,,,,,,,,,,,,
2023/3/12,748 ,,,,,,,,,,,,,,,,
2023/3/13,744 ,,,,,,,,,,,,,,,,
2023/3/14,744 ,,,,,,,,,,,,,,,,
2023/3/15,729 ,,,,,,,,,,,,,,,,
2023/3/16,712 ,,,,,,,,,,,,,,,,
2023/3/17,691 ,,,,,,,,,,,,,,,,
2023/3/18,666 ,,,,,,,,,,,,,,,,
2023/3/19,658 ,,,,,,,,,,,,,,,,
2023/3/20,652 ,,,,,,,,,,,,,,,,
2023/3/21,636 ,,,,,,,,,,,,,,,,
2023/3/22,572 ,,,,,,,,,,,,,,,,
2023/3/23,605 ,,,,,,,,,,,,,,,,
2023/3/24,642 ,,,,,,,,,,,,,,,,
2023/3/25,676 ,,,,,,,,,,,,,,,,
2023/3/26,693 ,,,,,,,,,,,,,,,,
2023/3/27,705 ,,,,,,,,,,,,,,,,
2023/3/28,723 ,,,,,,,,,,,,,,,,
2023/3/29,813 ,,,,,,,,,,,,,,,,
2023/3/30,820 ,,,,,,,,,,,,,,,,
2023/3/31,814 ,,,,,,,,,,,,,,,,
2023/4/1,832 ,,,,,,,,,,,,,,,,
2023/4/2,850 ,,,,,,,,,,,,,,,,
2023/4/3,859 ,,,,,,,,,,,,,,,,
2023/4/4,910 ,,,,,,,,,,,,,,,,
2023/4/5,939 ,,,,,,,,,,,,,,,,
2023/4/6,961 ,,,,,,,,,,,,,,,,
2023/4/7,1000 ,,,,,,,,,,,,,,,,
2023/4/8,1039 ,,,,,,,,,,,,,,,,
2023/4/9,1063 ,,,,,,,,,,,,,,,,
2023/4/10,1068 ,,,,,,,,,,,,,,,,
2023/4/11,1087 ,,,,,,,,,,,,,,,,
2023/4/12,1106 ,,,,,,,,,,,,,,,,
2023/4/13,1116 ,,,,,,,,,,,,,,,,
2023/4/14,1128 ,,,,,,,,,,,,,,,,
2023/4/15,1119 ,,,,,,,,,,,,,,,,
2023/4/16,1109 ,,,,,,,,,,,,,,,,
2023/4/17,1112 ,,,,,,,,,,,,,,,,
2023/4/18,1141 ,,,,,,,,,,,,,,,,
2023/4/19,1167 ,,,,,,,,,,,,,,,,
2023/4/20,1205 ,,,,,,,,,,,,,,,,
2023/4/21,1237 ,,,,,,,,,,,,,,,,
2023/4/22,1277 ,,,,,,,,,,,,,,,,
2023/4/23,1313 ,,,,,,,,,,,,,,,,
2023/4/24,1327 ,,,,,,,,,,,,,,,,
2023/4/25,1357 ,,,,,,,,,,,,,,,,
2023/4/26,1390 ,,,,,,,,,,,,,,,,1723 
2023/4/27,1421 ,,,,,,,,,,,,,,,,1723 
2023/4/28,1445 ,,,,,,,,,,,,,,,,1802 
2023/4/29,1509 ,,,,,,,,,,,,,,,,1958 
2023/4/30,1486 ,,,,,,,,,,,,,,,,1964 
2023/5/1,1524 ,,,,,,,,,,,,,,,,2037 
2023/5/2,1623 ,,,,,,,,,,,,,,,,2329 
2023/5/3,1686 ,,,,,,,,,,,,,,,,2372 
2023/5/4,1591 ,,,,,,,,,,,,,,,,2329 
2023/5/5,1490 ,,,,,,,,,,,,,,,,2425 
2023/5/6,1367 ,,,,,,,,,,,,,,,,2522 
2023/5/7,1562 ,,,,,,,,,,,,,,,,2693 
2023/5/8,1633 ,,,,,,,,,,,,,,,,2822 
2023/5/9,1451 ,,,,,,,,,,,,,,,,2864 
