date,actual,29,30,31,32,33,34,35,36,37,38,39,40,41,42,43,44,45,46,47,48,49,50,51,52,53,54,55,56,57,58,59,60,61,62,63,64,65,66,67,69,70,71,72,73,74,75,76,77,78,79,80,81,82,83,84,85,86,87,88,89,90,91,92,93,94,95,97,98,99,100,104,105,106,107
2021/3/14,129,,,,,,,,,,,,,,,,,,,,,,,,,,,,,,,,,,,,,,,,,,,,,,,,,,,,,,,,,,,,,,,,,,,,,,,,,,
2021/3/15,251,,,,,,,,,,,,,,,,,,,,,,,,,,,,,,,,,,,,,,,,,,,,,,,,,,,,,,,,,,,,,,,,,,,,,,,,,,
2021/3/16,400,,,,,,,,,,,,,,,,,,,,,,,,,,,,,,,,,,,,,,,,,,,,,,,,,,,,,,,,,,,,,,,,,,,,,,,,,,
2021/3/17,290,,,,,,,,,,,,,,,,,,,,,,,,,,,,,,,,,,,,,,,,,,,,,,,,,,,,,,,,,,,,,,,,,,,,,,,,,,
2021/3/18,271,,,,,,,,,,,,,,,,,,,,,,,,,,,,,,,,,,,,,,,,,,,,,,,,,,,,,,,,,,,,,,,,,,,,,,,,,,
2021/3/19,337,,,,,,,,,,,,,,,,,,,,,,,,,,,,,,,,,,,,,,,,,,,,,,,,,,,,,,,,,,,,,,,,,,,,,,,,,,
2021/3/20,247,,,,,,,,,,,,,,,,,,,,,,,,,,,,,,,,,,,,,,,,,,,,,,,,,,,,,,,,,,,,,,,,,,,,,,,,,,
2021/3/21,161,,,,,,,,,,,,,,,,,,,,,,,,,,,,,,,,,,,,,,,,,,,,,,,,,,,,,,,,,,,,,,,,,,,,,,,,,,
2021/3/22,310,,,,,,,,,,,,,,,,,,,,,,,,,,,,,,,,,,,,,,,,,,,,,,,,,,,,,,,,,,,,,,,,,,,,,,,,,,
2021/3/23,439,,,,,,,,,,,,,,,,,,,,,,,,,,,,,,,,,,,,,,,,,,,,,,,,,,,,,,,,,,,,,,,,,,,,,,,,,,
2021/3/24,349,,,,,,,,,,,,,,,,,,,,,,,,,,,,,,,,,,,,,,,,,,,,,,,,,,,,,,,,,,,,,,,,,,,,,,,,,,
2021/3/25,369,,,,,,,,,,,,,,,,,,,,,,,,,,,,,,,,,,,,,,,,,,,,,,,,,,,,,,,,,,,,,,,,,,,,,,,,,,
2021/3/26,380,,,,,,,,,,,,,,,,,,,,,,,,,,,,,,,,,,,,,,,,,,,,,,,,,,,,,,,,,,,,,,,,,,,,,,,,,,
2021/3/27,325,,,,,,,,,,,,,,,,,,,,,,,,,,,,,,,,,,,,,,,,,,,,,,,,,,,,,,,,,,,,,,,,,,,,,,,,,,
2021/3/28,173,,,,,,,,,,,,,,,,,,,,,,,,,,,,,,,,,,,,,,,,,,,,,,,,,,,,,,,,,,,,,,,,,,,,,,,,,,
2021/3/29,341,,,,,,,,,,,,,,,,,,,,,,,,,,,,,,,,,,,,,,,,,,,,,,,,,,,,,,,,,,,,,,,,,,,,,,,,,,
2021/3/30,424,,,,,,,,,,,,,,,,,,,,,,,,,,,,,,,,,,,,,,,,,,,,,,,,,,,,,,,,,,,,,,,,,,,,,,,,,,
2021/3/31,424,,,,,,,,,,,,,,,,,,,,,,,,,,,,,,,,,,,,,,,,,,,,,,,,,,,,,,,,,,,,,,,,,,,,,,,,,,
2021/4/1,408,,,,,,,,,,,,,,,,,,,,,,,,,,,,,,,,,,,,,,,,,,,,,,,,,,,,,,,,,,,,,,,,,,,,,,,,,,
2021/4/2,416,,,,,,,,,,,,,,,,,,,,,,,,,,,,,,,,,,,,,,,,,,,,,,,,,,,,,,,,,,,,,,,,,,,,,,,,,,
2021/4/3,373,,,,,,,,,,,,,,,,,,,,,,,,,,,,,,,,,,,,,,,,,,,,,,,,,,,,,,,,,,,,,,,,,,,,,,,,,,
2021/4/4,196,,,,,,,,,,,,,,,,,,,,,,,,,,,,,,,,,,,,,,,,,,,,,,,,,,,,,,,,,,,,,,,,,,,,,,,,,,
2021/4/5,357,,,,,,,,,,,,,,,,,,,,,,,,,,,,,,,,,,,,,,,,,,,,,,,,,,,,,,,,,,,,,,,,,,,,,,,,,,
2021/4/6,494,338,,,,,,,,,,,,,,,,,,,,,,,,,,,,,,,,,,,,,,,,,,,,,,,,,,,,,,,,,,,,,,,,,,,,,,,,,
2021/4/7,486,335,,,,,,,,,,,,,,,,,,,,,,,,,,,,,,,,,,,,,,,,,,,,,,,,,,,,,,,,,,,,,,,,,,,,,,,,,
2021/4/8,506,334,,,,,,,,,,,,,,,,,,,,,,,,,,,,,,,,,,,,,,,,,,,,,,,,,,,,,,,,,,,,,,,,,,,,,,,,,
2021/4/9,533,333,,,,,,,,,,,,,,,,,,,,,,,,,,,,,,,,,,,,,,,,,,,,,,,,,,,,,,,,,,,,,,,,,,,,,,,,,
2021/4/10,384,328,,,,,,,,,,,,,,,,,,,,,,,,,,,,,,,,,,,,,,,,,,,,,,,,,,,,,,,,,,,,,,,,,,,,,,,,,
2021/4/11,243,329,505,,,,,,,,,,,,,,,,,,,,,,,,,,,,,,,,,,,,,,,,,,,,,,,,,,,,,,,,,,,,,,,,,,,,,,,,
2021/4/12,482,328,515,,,,,,,,,,,,,,,,,,,,,,,,,,,,,,,,,,,,,,,,,,,,,,,,,,,,,,,,,,,,,,,,,,,,,,,,
2021/4/13,604,327,531,,,,,,,,,,,,,,,,,,,,,,,,,,,,,,,,,,,,,,,,,,,,,,,,,,,,,,,,,,,,,,,,,,,,,,,,
2021/4/14,604,325,546,,,,,,,,,,,,,,,,,,,,,,,,,,,,,,,,,,,,,,,,,,,,,,,,,,,,,,,,,,,,,,,,,,,,,,,,
2021/4/15,678,326,556,,,,,,,,,,,,,,,,,,,,,,,,,,,,,,,,,,,,,,,,,,,,,,,,,,,,,,,,,,,,,,,,,,,,,,,,
2021/4/16,718,325,567,,,,,,,,,,,,,,,,,,,,,,,,,,,,,,,,,,,,,,,,,,,,,,,,,,,,,,,,,,,,,,,,,,,,,,,,
2021/4/17,533,324,579,,,,,,,,,,,,,,,,,,,,,,,,,,,,,,,,,,,,,,,,,,,,,,,,,,,,,,,,,,,,,,,,,,,,,,,,
2021/4/18,361,326,600,,,,,,,,,,,,,,,,,,,,,,,,,,,,,,,,,,,,,,,,,,,,,,,,,,,,,,,,,,,,,,,,,,,,,,,,
2021/4/19,621,,618,541,,,,,,,,,,,,,,,,,,,,,,,,,,,,,,,,,,,,,,,,,,,,,,,,,,,,,,,,,,,,,,,,,,,,,,,
2021/4/20,842,,627,549,,,,,,,,,,,,,,,,,,,,,,,,,,,,,,,,,,,,,,,,,,,,,,,,,,,,,,,,,,,,,,,,,,,,,,,
2021/4/21,751,,645,552,,,,,,,,,,,,,,,,,,,,,,,,,,,,,,,,,,,,,,,,,,,,,,,,,,,,,,,,,,,,,,,,,,,,,,,
2021/4/22,727,,663,552,,,,,,,,,,,,,,,,,,,,,,,,,,,,,,,,,,,,,,,,,,,,,,,,,,,,,,,,,,,,,,,,,,,,,,,
2021/4/23,787,,673,560,,,,,,,,,,,,,,,,,,,,,,,,,,,,,,,,,,,,,,,,,,,,,,,,,,,,,,,,,,,,,,,,,,,,,,,
2021/4/24,676,,,572,,,,,,,,,,,,,,,,,,,,,,,,,,,,,,,,,,,,,,,,,,,,,,,,,,,,,,,,,,,,,,,,,,,,,,,
2021/4/25,379,,,577,,,,,,,,,,,,,,,,,,,,,,,,,,,,,,,,,,,,,,,,,,,,,,,,,,,,,,,,,,,,,,,,,,,,,,,
2021/4/26,672,,,583,1028,,,,,,,,,,,,,,,,,,,,,,,,,,,,,,,,,,,,,,,,,,,,,,,,,,,,,,,,,,,,,,,,,,,,,,
2021/4/27,937,,,588,1087,,,,,,,,,,,,,,,,,,,,,,,,,,,,,,,,,,,,,,,,,,,,,,,,,,,,,,,,,,,,,,,,,,,,,,
2021/4/28,1032,,,594,1147,,,,,,,,,,,,,,,,,,,,,,,,,,,,,,,,,,,,,,,,,,,,,,,,,,,,,,,,,,,,,,,,,,,,,,
2021/4/29,601,,,601,1209,,,,,,,,,,,,,,,,,,,,,,,,,,,,,,,,,,,,,,,,,,,,,,,,,,,,,,,,,,,,,,,,,,,,,,
2021/4/30,972,,,610,1276,,,,,,,,,,,,,,,,,,,,,,,,,,,,,,,,,,,,,,,,,,,,,,,,,,,,,,,,,,,,,,,,,,,,,,
2021/5/1,901,,,611,1353,,,,,,,,,,,,,,,,,,,,,,,,,,,,,,,,,,,,,,,,,,,,,,,,,,,,,,,,,,,,,,,,,,,,,,
2021/5/2,692,,,,1436,,,,,,,,,,,,,,,,,,,,,,,,,,,,,,,,,,,,,,,,,,,,,,,,,,,,,,,,,,,,,,,,,,,,,,
2021/5/3,530,,,,1528,,,,,,,,,,,,,,,,,,,,,,,,,,,,,,,,,,,,,,,,,,,,,,,,,,,,,,,,,,,,,,,,,,,,,,
2021/5/4,613,,,,1619,,,,,,,,,,,,,,,,,,,,,,,,,,,,,,,,,,,,,,,,,,,,,,,,,,,,,,,,,,,,,,,,,,,,,,
2021/5/5,534,,,,1738,907,,,,,,,,,,,,,,,,,,,,,,,,,,,,,,,,,,,,,,,,,,,,,,,,,,,,,,,,,,,,,,,,,,,,,
2021/5/6,850,,,,1786,924,,,,,,,,,,,,,,,,,,,,,,,,,,,,,,,,,,,,,,,,,,,,,,,,,,,,,,,,,,,,,,,,,,,,,
2021/5/7,1130,,,,1915,933,,,,,,,,,,,,,,,,,,,,,,,,,,,,,,,,,,,,,,,,,,,,,,,,,,,,,,,,,,,,,,,,,,,,,
2021/5/8,960,,,,2027,968,,,,,,,,,,,,,,,,,,,,,,,,,,,,,,,,,,,,,,,,,,,,,,,,,,,,,,,,,,,,,,,,,,,,,
2021/5/9,474,,,,,984,,,,,,,,,,,,,,,,,,,,,,,,,,,,,,,,,,,,,,,,,,,,,,,,,,,,,,,,,,,,,,,,,,,,,
2021/5/10,813,,,,,1015,,,,,,,,,,,,,,,,,,,,,,,,,,,,,,,,,,,,,,,,,,,,,,,,,,,,,,,,,,,,,,,,,,,,,
2021/5/11,909,,,,,1029,899,,,,,,,,,,,,,,,,,,,,,,,,,,,,,,,,,,,,,,,,,,,,,,,,,,,,,,,,,,,,,,,,,,,,
2021/5/12,896,,,,,1052,904,,,,,,,,,,,,,,,,,,,,,,,,,,,,,,,,,,,,,,,,,,,,,,,,,,,,,,,,,,,,,,,,,,,,
2021/5/13,739,,,,,1072,913,,,,,,,,,,,,,,,,,,,,,,,,,,,,,,,,,,,,,,,,,,,,,,,,,,,,,,,,,,,,,,,,,,,,
2021/5/14,717,,,,,1098,919,,,,,,,,,,,,,,,,,,,,,,,,,,,,,,,,,,,,,,,,,,,,,,,,,,,,,,,,,,,,,,,,,,,,
2021/5/15,574,,,,,1118,928,,,,,,,,,,,,,,,,,,,,,,,,,,,,,,,,,,,,,,,,,,,,,,,,,,,,,,,,,,,,,,,,,,,,
2021/5/16,343,,,,,1153,936,,,,,,,,,,,,,,,,,,,,,,,,,,,,,,,,,,,,,,,,,,,,,,,,,,,,,,,,,,,,,,,,,,,,
2021/5/17,591,,,,,1169,942,,,,,,,,,,,,,,,,,,,,,,,,,,,,,,,,,,,,,,,,,,,,,,,,,,,,,,,,,,,,,,,,,,,,
2021/5/18,770,,,,,,957,959,,,,,,,,,,,,,,,,,,,,,,,,,,,,,,,,,,,,,,,,,,,,,,,,,,,,,,,,,,,,,,,,,,,
2021/5/19,748,,,,,,963,974,,,,,,,,,,,,,,,,,,,,,,,,,,,,,,,,,,,,,,,,,,,,,,,,,,,,,,,,,,,,,,,,,,,
2021/5/20,591,,,,,,970,990,,,,,,,,,,,,,,,,,,,,,,,,,,,,,,,,,,,,,,,,,,,,,,,,,,,,,,,,,,,,,,,,,,,
2021/5/21,600,,,,,,980,1005,,,,,,,,,,,,,,,,,,,,,,,,,,,,,,,,,,,,,,,,,,,,,,,,,,,,,,,,,,,,,,,,,,,
2021/5/22,483,,,,,,989,1016,,,,,,,,,,,,,,,,,,,,,,,,,,,,,,,,,,,,,,,,,,,,,,,,,,,,,,,,,,,,,,,,,,,
2021/5/23,265,,,,,,1000,1027,,,,,,,,,,,,,,,,,,,,,,,,,,,,,,,,,,,,,,,,,,,,,,,,,,,,,,,,,,,,,,,,,,,
2021/5/24,491,,,,,,,1042,,,,,,,,,,,,,,,,,,,,,,,,,,,,,,,,,,,,,,,,,,,,,,,,,,,,,,,,,,,,,,,,,,,
2021/5/25,670,,,,,,,1053,401,,,,,,,,,,,,,,,,,,,,,,,,,,,,,,,,,,,,,,,,,,,,,,,,,,,,,,,,,,,,,,,,,,
2021/5/26,583,,,,,,,1062,375,,,,,,,,,,,,,,,,,,,,,,,,,,,,,,,,,,,,,,,,,,,,,,,,,,,,,,,,,,,,,,,,,,
2021/5/27,574,,,,,,,1084,363,,,,,,,,,,,,,,,,,,,,,,,,,,,,,,,,,,,,,,,,,,,,,,,,,,,,,,,,,,,,,,,,,,
2021/5/28,515,,,,,,,1097,343,,,,,,,,,,,,,,,,,,,,,,,,,,,,,,,,,,,,,,,,,,,,,,,,,,,,,,,,,,,,,,,,,,
2021/5/29,424,,,,,,,1111,331,,,,,,,,,,,,,,,,,,,,,,,,,,,,,,,,,,,,,,,,,,,,,,,,,,,,,,,,,,,,,,,,,,
2021/5/30,231,,,,,,,1117,316,,,,,,,,,,,,,,,,,,,,,,,,,,,,,,,,,,,,,,,,,,,,,,,,,,,,,,,,,,,,,,,,,,
2021/5/31,419,,,,,,,,280,,,,,,,,,,,,,,,,,,,,,,,,,,,,,,,,,,,,,,,,,,,,,,,,,,,,,,,,,,,,,,,,,,
2021/6/1,454,,,,,,,,268,401,,,,,,,,,,,,,,,,,,,,,,,,,,,,,,,,,,,,,,,,,,,,,,,,,,,,,,,,,,,,,,,,,
2021/6/2,437,,,,,,,,253,390,,,,,,,,,,,,,,,,,,,,,,,,,,,,,,,,,,,,,,,,,,,,,,,,,,,,,,,,,,,,,,,,,
2021/6/3,441,,,,,,,,236,380,,,,,,,,,,,,,,,,,,,,,,,,,,,,,,,,,,,,,,,,,,,,,,,,,,,,,,,,,,,,,,,,,
2021/6/4,380,,,,,,,,225,366,,,,,,,,,,,,,,,,,,,,,,,,,,,,,,,,,,,,,,,,,,,,,,,,,,,,,,,,,,,,,,,,,
2021/6/5,314,,,,,,,,213,361,,,,,,,,,,,,,,,,,,,,,,,,,,,,,,,,,,,,,,,,,,,,,,,,,,,,,,,,,,,,,,,,,
2021/6/6,179,,,,,,,,197,345,,,,,,,,,,,,,,,,,,,,,,,,,,,,,,,,,,,,,,,,,,,,,,,,,,,,,,,,,,,,,,,,,
2021/6/7,319,,,,,,,,,339,,,,,,,,,,,,,,,,,,,,,,,,,,,,,,,,,,,,,,,,,,,,,,,,,,,,,,,,,,,,,,,,,
2021/6/8,397,,,,,,,,,330,300,,,,,,,,,,,,,,,,,,,,,,,,,,,,,,,,,,,,,,,,,,,,,,,,,,,,,,,,,,,,,,,,
2021/6/9,371,,,,,,,,,320,283,,,,,,,,,,,,,,,,,,,,,,,,,,,,,,,,,,,,,,,,,,,,,,,,,,,,,,,,,,,,,,,,
2021/6/10,393,,,,,,,,,309,270,,,,,,,,,,,,,,,,,,,,,,,,,,,,,,,,,,,,,,,,,,,,,,,,,,,,,,,,,,,,,,,,
2021/6/11,441,,,,,,,,,302,255,,,,,,,,,,,,,,,,,,,,,,,,,,,,,,,,,,,,,,,,,,,,,,,,,,,,,,,,,,,,,,,,
2021/6/12,288,,,,,,,,,288,246,,,,,,,,,,,,,,,,,,,,,,,,,,,,,,,,,,,,,,,,,,,,,,,,,,,,,,,,,,,,,,,,
2021/6/13,144,,,,,,,,,283,231,,,,,,,,,,,,,,,,,,,,,,,,,,,,,,,,,,,,,,,,,,,,,,,,,,,,,,,,,,,,,,,,
2021/6/14,306,,,,,,,,,,222,,,,,,,,,,,,,,,,,,,,,,,,,,,,,,,,,,,,,,,,,,,,,,,,,,,,,,,,,,,,,,,,
2021/6/15,476,,,,,,,,,,212,236,,,,,,,,,,,,,,,,,,,,,,,,,,,,,,,,,,,,,,,,,,,,,,,,,,,,,,,,,,,,,,,
2021/6/16,393,,,,,,,,,,202,225,,,,,,,,,,,,,,,,,,,,,,,,,,,,,,,,,,,,,,,,,,,,,,,,,,,,,,,,,,,,,,,
2021/6/17,397,,,,,,,,,,193,217,,,,,,,,,,,,,,,,,,,,,,,,,,,,,,,,,,,,,,,,,,,,,,,,,,,,,,,,,,,,,,,
2021/6/18,393,,,,,,,,,,184,206,,,,,,,,,,,,,,,,,,,,,,,,,,,,,,,,,,,,,,,,,,,,,,,,,,,,,,,,,,,,,,,
2021/6/19,345,,,,,,,,,,176,195,,,,,,,,,,,,,,,,,,,,,,,,,,,,,,,,,,,,,,,,,,,,,,,,,,,,,,,,,,,,,,,
2021/6/20,197,,,,,,,,,,166,189,,,,,,,,,,,,,,,,,,,,,,,,,,,,,,,,,,,,,,,,,,,,,,,,,,,,,,,,,,,,,,,
2021/6/21,424,,,,,,,,,,,182,,,,,,,,,,,,,,,,,,,,,,,,,,,,,,,,,,,,,,,,,,,,,,,,,,,,,,,,,,,,,,,
2021/6/22,585,,,,,,,,,,,169,317,,,,,,,,,,,,,,,,,,,,,,,,,,,,,,,,,,,,,,,,,,,,,,,,,,,,,,,,,,,,,,
2021/6/23,502,,,,,,,,,,,165,314,,,,,,,,,,,,,,,,,,,,,,,,,,,,,,,,,,,,,,,,,,,,,,,,,,,,,,,,,,,,,,
2021/6/24,472,,,,,,,,,,,158,314,,,,,,,,,,,,,,,,,,,,,,,,,,,,,,,,,,,,,,,,,,,,,,,,,,,,,,,,,,,,,,
2021/6/25,607,,,,,,,,,,,151,313,,,,,,,,,,,,,,,,,,,,,,,,,,,,,,,,,,,,,,,,,,,,,,,,,,,,,,,,,,,,,,
2021/6/26,367,,,,,,,,,,,142,310,,,,,,,,,,,,,,,,,,,,,,,,,,,,,,,,,,,,,,,,,,,,,,,,,,,,,,,,,,,,,,
2021/6/27,262,,,,,,,,,,,138,310,,,,,,,,,,,,,,,,,,,,,,,,,,,,,,,,,,,,,,,,,,,,,,,,,,,,,,,,,,,,,,
2021/6/28,459,,,,,,,,,,,,310,,,,,,,,,,,,,,,,,,,,,,,,,,,,,,,,,,,,,,,,,,,,,,,,,,,,,,,,,,,,,,
2021/6/29,707,,,,,,,,,,,,310,521,,,,,,,,,,,,,,,,,,,,,,,,,,,,,,,,,,,,,,,,,,,,,,,,,,,,,,,,,,,,,
2021/6/30,620,,,,,,,,,,,,307,531,,,,,,,,,,,,,,,,,,,,,,,,,,,,,,,,,,,,,,,,,,,,,,,,,,,,,,,,,,,,,
2021/7/1,659,,,,,,,,,,,,307,548,,,,,,,,,,,,,,,,,,,,,,,,,,,,,,,,,,,,,,,,,,,,,,,,,,,,,,,,,,,,,
2021/7/2,686,,,,,,,,,,,,307,563,,,,,,,,,,,,,,,,,,,,,,,,,,,,,,,,,,,,,,,,,,,,,,,,,,,,,,,,,,,,,
2021/7/3,515,,,,,,,,,,,,306,579,,,,,,,,,,,,,,,,,,,,,,,,,,,,,,,,,,,,,,,,,,,,,,,,,,,,,,,,,,,,,
2021/7/4,323,,,,,,,,,,,,307,595,,,,,,,,,,,,,,,,,,,,,,,,,,,,,,,,,,,,,,,,,,,,,,,,,,,,,,,,,,,,,
2021/7/5,580,,,,,,,,,,,,307,609,,,,,,,,,,,,,,,,,,,,,,,,,,,,,,,,,,,,,,,,,,,,,,,,,,,,,,,,,,,,,
2021/7/6,901,,,,,,,,,,,,307,643,601,,,,,,,,,,,,,,,,,,,,,,,,,,,,,,,,,,,,,,,,,,,,,,,,,,,,,,,,,,,,
2021/7/7,870,,,,,,,,,,,,307,662,620,,,,,,,,,,,,,,,,,,,,,,,,,,,,,,,,,,,,,,,,,,,,,,,,,,,,,,,,,,,,
2021/7/8,809,,,,,,,,,,,,307,681,636,,,,,,,,,,,,,,,,,,,,,,,,,,,,,,,,,,,,,,,,,,,,,,,,,,,,,,,,,,,,
2021/7/9,870,,,,,,,,,,,,308,700,633,,,,,,,,,,,,,,,,,,,,,,,,,,,,,,,,,,,,,,,,,,,,,,,,,,,,,,,,,,,,
2021/7/10,672,,,,,,,,,,,,310,723,657,,,,,,,,,,,,,,,,,,,,,,,,,,,,,,,,,,,,,,,,,,,,,,,,,,,,,,,,,,,,
2021/7/11,412,,,,,,,,,,,,310,744,678,,,,,,,,,,,,,,,,,,,,,,,,,,,,,,,,,,,,,,,,,,,,,,,,,,,,,,,,,,,,
2021/7/12,809,,,,,,,,,,,,310,767,695,,,,,,,,,,,,,,,,,,,,,,,,,,,,,,,,,,,,,,,,,,,,,,,,,,,,,,,,,,,,
2021/7/13,1191,,,,,,,,,,,,314,791,716,847,,,,,,,,,,,,,,,,,,,,,,,,,,,,,,,,,,,,,,,,,,,,,,,,,,,,,,,,,,,
2021/7/14,1252,,,,,,,,,,,,314,835,733,906,,,,,,,,,,,,,,,,,,,,,,,,,,,,,,,,,,,,,,,,,,,,,,,,,,,,,,,,,,,
2021/7/15,1267,,,,,,,,,,,,315,862,754,927,,,,,,,,,,,,,,,,,,,,,,,,,,,,,,,,,,,,,,,,,,,,,,,,,,,,,,,,,,,
2021/7/16,1405,,,,,,,,,,,,318,893,788,959,,,,,,,,,,,,,,,,,,,,,,,,,,,,,,,,,,,,,,,,,,,,,,,,,,,,,,,,,,,
2021/7/17,1099,,,,,,,,,,,,321,919,814,994,,,,,,,,,,,,,,,,,,,,,,,,,,,,,,,,,,,,,,,,,,,,,,,,,,,,,,,,,,,
2021/7/18,656,,,,,,,,,,,,323,951,843,1026,,,,,,,,,,,,,,,,,,,,,,,,,,,,,,,,,,,,,,,,,,,,,,,,,,,,,,,,,,,
2021/7/19,1282,,,,,,,,,,,,325,983,888,1061,,,,,,,,,,,,,,,,,,,,,,,,,,,,,,,,,,,,,,,,,,,,,,,,,,,,,,,,,,,
2021/7/20,1847,,,,,,,,,,,,328,1010,899,1102,1235,,,,,,,,,,,,,,,,,,,,,,,,,,,,,,,,,,,,,,,,,,,,,,,,,,,,,,,,,,
2021/7/21,2061,,,,,,,,,,,,329,1088,947,1143,1290,,,,,,,,,,,,,,,,,,,,,,,,,,,,,,,,,,,,,,,,,,,,,,,,,,,,,,,,,,
2021/7/22,1359,,,,,,,,,,,,331,1124,1001,1184,1349,,,,,,,,,,,,,,,,,,,,,,,,,,,,,,,,,,,,,,,,,,,,,,,,,,,,,,,,,,
2021/7/23,1145,,,,,,,,,,,,336,1141,1013,1218,1409,,,,,,,,,,,,,,,,,,,,,,,,,,,,,,,,,,,,,,,,,,,,,,,,,,,,,,,,,,
2021/7/24,1954,,,,,,,,,,,,337,1188,1060,1265,1474,,,,,,,,,,,,,,,,,,,,,,,,,,,,,,,,,,,,,,,,,,,,,,,,,,,,,,,,,,
2021/7/25,1435,,,,,,,,,,,,341,1276,1109,1319,1544,,,,,,,,,,,,,,,,,,,,,,,,,,,,,,,,,,,,,,,,,,,,,,,,,,,,,,,,,,
2021/7/26,2855,,,,,,,,,,,,344,1326,1158,1370,1619,,,,,,,,,,,,,,,,,,,,,,,,,,,,,,,,,,,,,,,,,,,,,,,,,,,,,,,,,,
2021/7/27,3588,,,,,,,,,,,,,1333,1212,1396,1692,2106,,,,,,,,,,,,,,,,,,,,,,,,,,,,,,,,,,,,,,,,,,,,,,,,,,,,,,,,,
2021/7/28,3756,,,,,,,,,,,,,1438,1267,1454,1768,2210,,,,,,,,,,,,,,,,,,,,,,,,,,,,,,,,,,,,,,,,,,,,,,,,,,,,,,,,,
2021/7/29,3634,,,,,,,,,,,,,1442,1327,1512,1848,2318,,,,,,,,,,,,,,,,,,,,,,,,,,,,,,,,,,,,,,,,,,,,,,,,,,,,,,,,,
2021/7/30,4092,,,,,,,,,,,,,1495,1335,1575,1933,2432,,,,,,,,,,,,,,,,,,,,,,,,,,,,,,,,,,,,,,,,,,,,,,,,,,,,,,,,,
2021/7/31,3496,,,,,,,,,,,,,1549,1384,1710,2023,2557,,,,,,,,,,,,,,,,,,,,,,,,,,,,,,,,,,,,,,,,,,,,,,,,,,,,,,,,,
2021/8/1,1969,,,,,,,,,,,,,1606,1435,1780,2116,2695,,,,,,,,,,,,,,,,,,,,,,,,,,,,,,,,,,,,,,,,,,,,,,,,,,,,,,,,,
2021/8/2,3679,,,,,,,,,,,,,1665,1488,1859,2214,2836,,,,,,,,,,,,,,,,,,,,,,,,,,,,,,,,,,,,,,,,,,,,,,,,,,,,,,,,,
2021/8/3,4840,,,,,,,,,,,,,,1543,1942,2315,2975,5818,,,,,,,,,,,,,,,,,,,,,,,,,,,,,,,,,,,,,,,,,,,,,,,,,,,,,,,,
2021/8/4,4840,,,,,,,,,,,,,,1600,1983,2422,3127,6579,,,,,,,,,,,,,,,,,,,,,,,,,,,,,,,,,,,,,,,,,,,,,,,,,,,,,,,,
2021/8/5,4519,,,,,,,,,,,,,,1659,2050,2533,3286,7430,,,,,,,,,,,,,,,,,,,,,,,,,,,,,,,,,,,,,,,,,,,,,,,,,,,,,,,,
2021/8/6,4901,,,,,,,,,,,,,,1720,2131,2650,3453,8397,,,,,,,,,,,,,,,,,,,,,,,,,,,,,,,,,,,,,,,,,,,,,,,,,,,,,,,,
2021/8/7,4046,,,,,,,,,,,,,,1783,2216,2772,3629,9489,,,,,,,,,,,,,,,,,,,,,,,,,,,,,,,,,,,,,,,,,,,,,,,,,,,,,,,,
2021/8/8,2412,,,,,,,,,,,,,,1849,2304,2900,3814,10723,,,,,,,,,,,,,,,,,,,,,,,,,,,,,,,,,,,,,,,,,,,,,,,,,,,,,,,,
2021/8/9,1939,,,,,,,,,,,,,,1917,2396,3033,4009,12117,,,,,,,,,,,,,,,,,,,,,,,,,,,,,,,,,,,,,,,,,,,,,,,,,,,,,,,,
2021/8/10,4840,,,,,,,,,,,,,,,2491,3173,4213,13693,6221,,,,,,,,,,,,,,,,,,,,,,,,,,,,,,,,,,,,,,,,,,,,,,,,,,,,,,,
2021/8/11,5740,,,,,,,,,,,,,,,2591,3319,4428,15473,6622,,,,,,,,,,,,,,,,,,,,,,,,,,,,,,,,,,,,,,,,,,,,,,,,,,,,,,,
2021/8/12,5710,,,,,,,,,,,,,,,2694,3471,4654,17485,7047,,,,,,,,,,,,,,,,,,,,,,,,,,,,,,,,,,,,,,,,,,,,,,,,,,,,,,,
2021/8/13,5008,,,,,,,,,,,,,,,2801,3631,4891,19758,7498,,,,,,,,,,,,,,,,,,,,,,,,,,,,,,,,,,,,,,,,,,,,,,,,,,,,,,,
2021/8/14,4244,,,,,,,,,,,,,,,2912,3798,5140,22327,7948,,,,,,,,,,,,,,,,,,,,,,,,,,,,,,,,,,,,,,,,,,,,,,,,,,,,,,,
2021/8/15,2305,,,,,,,,,,,,,,,3028,3973,5402,25230,8448,,,,,,,,,,,,,,,,,,,,,,,,,,,,,,,,,,,,,,,,,,,,,,,,,,,,,,,
2021/8/16,4458,,,,,,,,,,,,,,,3149,4156,5678,28510,9011,,,,,,,,,,,,,,,,,,,,,,,,,,,,,,,,,,,,,,,,,,,,,,,,,,,,,,,
2021/8/17,5969,,,,,,,,,,,,,,,,4347,5967,32217,9606,4813,,,,,,,,,,,,,,,,,,,,,,,,,,,,,,,,,,,,,,,,,,,,,,,,,,,,,,
2021/8/18,5557,,,,,,,,,,,,,,,,4547,6271,36405,10198,4875,,,,,,,,,,,,,,,,,,,,,,,,,,,,,,,,,,,,,,,,,,,,,,,,,,,,,,
2021/8/19,4916,,,,,,,,,,,,,,,,4756,6591,41139,10848,4938,,,,,,,,,,,,,,,,,,,,,,,,,,,,,,,,,,,,,,,,,,,,,,,,,,,,,,
2021/8/20,5130,,,,,,,,,,,,,,,,4975,6927,46487,11540,5004,,,,,,,,,,,,,,,,,,,,,,,,,,,,,,,,,,,,,,,,,,,,,,,,,,,,,,
2021/8/21,3832,,,,,,,,,,,,,,,,5204,7280,52531,12275,5079,,,,,,,,,,,,,,,,,,,,,,,,,,,,,,,,,,,,,,,,,,,,,,,,,,,,,,
2021/8/22,2000,,,,,,,,,,,,,,,,5444,7651,59361,13058,5129,,,,,,,,,,,,,,,,,,,,,,,,,,,,,,,,,,,,,,,,,,,,,,,,,,,,,,
2021/8/23,3939,,,,,,,,,,,,,,,,5604,8041,67079,13890,5187,,,,,,,,,,,,,,,,,,,,,,,,,,,,,,,,,,,,,,,,,,,,,,,,,,,,,,
2021/8/24,4504,,,,,,,,,,,,,,,,,8451,75801,14776,5262,5484,,,,,,,,,,,,,,,,,,,,,,,,,,,,,,,,,,,,,,,,,,,,,,,,,,,,,
2021/8/25,4427,,,,,,,,,,,,,,,,,8881,85656,15718,5329,5559,,,,,,,,,,,,,,,,,,,,,,,,,,,,,,,,,,,,,,,,,,,,,,,,,,,,,
2021/8/26,3679,,,,,,,,,,,,,,,,,9334,96793,16720,5387,5625,,,,,,,,,,,,,,,,,,,,,,,,,,,,,,,,,,,,,,,,,,,,,,,,,,,,,
2021/8/27,3511,,,,,,,,,,,,,,,,,9810,109377,17785,5453,5709,,,,,,,,,,,,,,,,,,,,,,,,,,,,,,,,,,,,,,,,,,,,,,,,,,,,,
2021/8/28,2885,,,,,,,,,,,,,,,,,10310,123598,18919,5503,5784,,,,,,,,,,,,,,,,,,,,,,,,,,,,,,,,,,,,,,,,,,,,,,,,,,,,,
2021/8/29,1481,,,,,,,,,,,,,,,,,10835,139668,20125,5570,5859,,,,,,,,,,,,,,,,,,,,,,,,,,,,,,,,,,,,,,,,,,,,,,,,,,,,,
2021/8/30,2855,,,,,,,,,,,,,,,,,11388,157827,21408,5695,5908,,,,,,,,,,,,,,,,,,,,,,,,,,,,,,,,,,,,,,,,,,,,,,,,,,,,,
2021/8/31,3130,,,,,,,,,,,,,,,,,,178347,22773,5736,5958,3423,,,,,,,,,,,,,,,,,,,,,,,,,,,,,,,,,,,,,,,,,,,,,,,,,,,,
2021/9/1,2794,,,,,,,,,,,,,,,,,,201535,24224,5811,6008,3318,,,,,,,,,,,,,,,,,,,,,,,,,,,,,,,,,,,,,,,,,,,,,,,,,,,,
2021/9/2,2275,,,,,,,,,,,,,,,,,,227738,25769,5861,6042,3220,,,,,,,,,,,,,,,,,,,,,,,,,,,,,,,,,,,,,,,,,,,,,,,,,,,,
2021/9/3,2107,,,,,,,,,,,,,,,,,,257348,27411,5911,6083,3144,,,,,,,,,,,,,,,,,,,,,,,,,,,,,,,,,,,,,,,,,,,,,,,,,,,,
2021/9/4,1573,,,,,,,,,,,,,,,,,,290808,29159,5961,6125,3004,,,,,,,,,,,,,,,,,,,,,,,,,,,,,,,,,,,,,,,,,,,,,,,,,,,,
2021/9/5,748,,,,,,,,,,,,,,,,,,328618,31017,6011,6125,2882,,,,,,,,,,,,,,,,,,,,,,,,,,,,,,,,,,,,,,,,,,,,,,,,,,,,
2021/9/6,1466,,,,,,,,,,,,,,,,,,371343,32995,6077,6150,2777,,,,,,,,,,,,,,,,,,,,,,,,,,,,,,,,,,,,,,,,,,,,,,,,,,,,
2021/9/7,1786,,,,,,,,,,,,,,,,,,,35098,6127,6183,2655,1742,,,,,,,,,,,,,,,,,,,,,,,,,,,,,,,,,,,,,,,,,,,,,,,,,,,
2021/9/8,1481,,,,,,,,,,,,,,,,,,,37335,6185,6175,2533,1637,,,,,,,,,,,,,,,,,,,,,,,,,,,,,,,,,,,,,,,,,,,,,,,,,,,
2021/9/9,1115,,,,,,,,,,,,,,,,,,,39715,6210,6158,2428,1550,,,,,,,,,,,,,,,,,,,,,,,,,,,,,,,,,,,,,,,,,,,,,,,,,,,
2021/9/10,1176,,,,,,,,,,,,,,,,,,,42247,6268,6158,2306,1457,,,,,,,,,,,,,,,,,,,,,,,,,,,,,,,,,,,,,,,,,,,,,,,,,,,
2021/9/11,992,,,,,,,,,,,,,,,,,,,44940,6310,6133,2201,1375,,,,,,,,,,,,,,,,,,,,,,,,,,,,,,,,,,,,,,,,,,,,,,,,,,,
2021/9/12,458,,,,,,,,,,,,,,,,,,,47805,6360,6108,2114,1288,,,,,,,,,,,,,,,,,,,,,,,,,,,,,,,,,,,,,,,,,,,,,,,,,,,
2021/9/13,902,,,,,,,,,,,,,,,,,,,50852,6385,6083,1998,1242,,,,,,,,,,,,,,,,,,,,,,,,,,,,,,,,,,,,,,,,,,,,,,,,,,,
2021/9/14,977,,,,,,,,,,,,,,,,,,,,6410,6033,1852,1172,,,,,,,,,,,,,,,,,,,,,,,,,,,,,,,,,,,,,,,,,,,,,,,,,,,
2021/9/15,692,,,,,,,,,,,,,,,,,,,,6435,5983,1747,1096,642,,,,,,,,,,,,,,,,,,,,,,,,,,,,,,,,,,,,,,,,,,,,,,,,,,
2021/9/16,617,,,,,,,,,,,,,,,,,,,,6460,5933,1643,1032,571,,,,,,,,,,,,,,,,,,,,,,,,,,,,,,,,,,,,,,,,,,,,,,,,,,
2021/9/17,647,,,,,,,,,,,,,,,,,,,,6485,5875,1538,939,518,,,,,,,,,,,,,,,,,,,,,,,,,,,,,,,,,,,,,,,,,,,,,,,,,,
2021/9/18,481,,,,,,,,,,,,,,,,,,,,6510,5809,1433,887,478,,,,,,,,,,,,,,,,,,,,,,,,,,,,,,,,,,,,,,,,,,,,,,,,,,
2021/9/19,195,,,,,,,,,,,,,,,,,,,,6535,5725,1328,835,412,,,,,,,,,,,,,,,,,,,,,,,,,,,,,,,,,,,,,,,,,,,,,,,,,,
2021/9/20,150,,,,,,,,,,,,,,,,,,,,6801,5642,1235,782,377,,,,,,,,,,,,,,,,,,,,,,,,,,,,,,,,,,,,,,,,,,,,,,,,,,
2021/9/21,391,,,,,,,,,,,,,,,,,,,,,5550,1136,748,341,,,,,,,,,,,,,,,,,,,,,,,,,,,,,,,,,,,,,,,,,,,,,,,,,,
2021/9/22,481,,,,,,,,,,,,,,,,,,,,,5484,1055,695,306,,,,,,,,,,,,,,,,,,,,,,,,,,,,,,,,,,,,,,,,,,,,,,,,,,
2021/9/23,195,,,,,,,,,,,,,,,,,,,,,5392,973,643,266,,,,,,,,,,,,,,,,,,,,,,,,,,,,,,,,,,,,,,,,,,,,,,,,,,
2021/9/24,271,,,,,,,,,,,,,,,,,,,,,5259,904,602,235,249,,,,,,,,,,,,,,,,,,,,,,,,,,,,,,,,,,,,,,,,,,,,,,,,,
2021/9/25,256,,,,,,,,,,,,,,,,,,,,,5151,822,556,217,218,,,,,,,,,,,,,,,,,,,,,,,,,,,,,,,,,,,,,,,,,,,,,,,,,
2021/9/26,90,,,,,,,,,,,,,,,,,,,,,5042,752,521,195,196,,,,,,,,,,,,,,,,,,,,,,,,,,,,,,,,,,,,,,,,,,,,,,,,,
2021/9/27,211,,,,,,,,,,,,,,,,,,,,,4934,683,486,163,169,,,,,,,,,,,,,,,,,,,,,,,,,,,,,,,,,,,,,,,,,,,,,,,,,
2021/9/28,211,,,,,,,,,,,,,,,,,,,,,,619,463,142,148,,,,,,,,,,,,,,,,,,,,,,,,,,,,,,,,,,,,,,,,,,,,,,,,,
2021/9/29,165,,,,,,,,,,,,,,,,,,,,,,560,416,128,131,,,,,,,,,,,,,,,,,,,,,,,,,,,,,,,,,,,,,,,,,,,,,,,,,
2021/9/30,169,,,,,,,,,,,,,,,,,,,,,,508,393,106,108,,,,,,,,,,,,,,,,,,,,,,,,,,,,,,,,,,,,,,,,,,,,,,,,,
2021/10/1,171,,,,,,,,,,,,,,,,,,,,,,456,364,86,94,,,,,,,,,,,,,,,,,,,,,,,,,,,,,,,,,,,,,,,,,,,,,,,,,
2021/10/2,127,,,,,,,,,,,,,,,,,,,,,,415,341,67,85,,,,,,,,,,,,,,,,,,,,,,,,,,,,,,,,,,,,,,,,,,,,,,,,,
2021/10/3,75,,,,,,,,,,,,,,,,,,,,,,386,323,64,73,,,,,,,,,,,,,,,,,,,,,,,,,,,,,,,,,,,,,,,,,,,,,,,,,
2021/10/4,100,,,,,,,,,,,,,,,,,,,,,,345,294,53,63,,,,,,,,,,,,,,,,,,,,,,,,,,,,,,,,,,,,,,,,,,,,,,,,,
2021/10/5,144,,,,,,,,,,,,,,,,,,,,,,,277,52,53,61,,,,,,,,,,,,,,,,,,,,,,,,,,,,,,,,,,,,,,,,,,,,,,,,
2021/10/6,130,,,,,,,,,,,,,,,,,,,,,,,242,44,43,50,,,,,,,,,,,,,,,,,,,,,,,,,,,,,,,,,,,,,,,,,,,,,,,,
2021/10/7,87,,,,,,,,,,,,,,,,,,,,,,,224,20,32,43,,,,,,,,,,,,,,,,,,,,,,,,,,,,,,,,,,,,,,,,,,,,,,,,
2021/10/8,72,,,,,,,,,,,,,,,,,,,,,,,207,15,19,34,,,,,,,,,,,,,,,,,,,,,,,,,,,,,,,,,,,,,,,,,,,,,,,,
2021/10/9,52,,,,,,,,,,,,,,,,,,,,,,,207,15,10,29,,,,,,,,,,,,,,,,,,,,,,,,,,,,,,,,,,,,,,,,,,,,,,,,
2021/10/10,32,,,,,,,,,,,,,,,,,,,,,,,190,2,18,23,,,,,,,,,,,,,,,,,,,,,,,,,,,,,,,,,,,,,,,,,,,,,,,,
2021/10/11,52,,,,,,,,,,,,,,,,,,,,,,,166,1,0,17,,,,,,,,,,,,,,,,,,,,,,,,,,,,,,,,,,,,,,,,,,,,,,,,
2021/10/12,57,,,,,,,,,,,,,,,,,,,,,,,,1,0,12,38,,,,,,,,,,,,,,,,,,,,,,,,,,,,,,,,,,,,,,,,,,,,,,,
2021/10/13,48,,,,,,,,,,,,,,,,,,,,,,,,0,0,10,33,,,,,,,,,,,,,,,,,,,,,,,,,,,,,,,,,,,,,,,,,,,,,,,
2021/10/14,52,,,,,,,,,,,,,,,,,,,,,,,,0,0,7,20,,,,,,,,,,,,,,,,,,,,,,,,,,,,,,,,,,,,,,,,,,,,,,,
2021/10/15,64,,,,,,,,,,,,,,,,,,,,,,,,0,0,1,15,,,,,,,,,,,,,,,,,,,,,,,,,,,,,,,,,,,,,,,,,,,,,,,
2021/10/16,38,,,,,,,,,,,,,,,,,,,,,,,,0,0,1,11,,,,,,,,,,,,,,,,,,,,,,,,,,,,,,,,,,,,,,,,,,,,,,,
2021/10/17,17,,,,,,,,,,,,,,,,,,,,,,,,0,0,1,15,,,,,,,,,,,,,,,,,,,,,,,,,,,,,,,,,,,,,,,,,,,,,,,
2021/10/18,33,,,,,,,,,,,,,,,,,,,,,,,,0,0,0,10,,,,,,,,,,,,,,,,,,,,,,,,,,,,,,,,,,,,,,,,,,,,,,,
2021/10/19,47,,,,,,,,,,,,,,,,,,,,,,,,0,0,0,1,0,,,,,,,,,,,,,,,,,,,,,,,,,,,,,,,,,,,,,,,,,,,,,,
2021/10/20,27,,,,,,,,,,,,,,,,,,,,,,,,,0,0,0,0,,,,,,,,,,,,,,,,,,,,,,,,,,,,,,,,,,,,,,,,,,,,,,
2021/10/21,25,,,,,,,,,,,,,,,,,,,,,,,,,0,0,0,0,,,,,,,,,,,,,,,,,,,,,,,,,,,,,,,,,,,,,,,,,,,,,,
2021/10/22,35,,,,,,,,,,,,,,,,,,,,,,,,,0,0,0,0,,,,,,,,,,,,,,,,,,,,,,,,,,,,,,,,,,,,,,,,,,,,,,
2021/10/23,20,,,,,,,,,,,,,,,,,,,,,,,,,0,0,0,0,,,,,,,,,,,,,,,,,,,,,,,,,,,,,,,,,,,,,,,,,,,,,,
2021/10/24,15,,,,,,,,,,,,,,,,,,,,,,,,,0,0,0,0,,,,,,,,,,,,,,,,,,,,,,,,,,,,,,,,,,,,,,,,,,,,,,
2021/10/25,23,,,,,,,,,,,,,,,,,,,,,,,,,0,0,0,0,16,,,,,,,,,,,,,,,,,,,,,,,,,,,,,,,,,,,,,,,,,,,,,
2021/10/26,28,,,,,,,,,,,,,,,,,,,,,,,,,0,0,0,0,16,,,,,,,,,,,,,,,,,,,,,,,,,,,,,,,,,,,,,,,,,,,,,
2021/10/27,23,,,,,,,,,,,,,,,,,,,,,,,,,0,0,0,0,16,,,,,,,,,,,,,,,,,,,,,,,,,,,,,,,,,,,,,,,,,,,,,
2021/10/28,23,,,,,,,,,,,,,,,,,,,,,,,,,0,0,0,0,16,,,,,,,,,,,,,,,,,,,,,,,,,,,,,,,,,,,,,,,,,,,,,
2021/10/29,18,,,,,,,,,,,,,,,,,,,,,,,,,,0,0,0,16,,,,,,,,,,,,,,,,,,,,,,,,,,,,,,,,,,,,,,,,,,,,,
2021/10/30,20,,,,,,,,,,,,,,,,,,,,,,,,,,0,0,0,0,,,,,,,,,,,,,,,,,,,,,,,,,,,,,,,,,,,,,,,,,,,,,
2021/10/31,13,,,,,,,,,,,,,,,,,,,,,,,,,,0,0,0,0,,,,,,,,,,,,,,,,,,,,,,,,,,,,,,,,,,,,,,,,,,,,,
2021/11/1,18,,,,,,,,,,,,,,,,,,,,,,,,,,0,0,0,0,,,,,,,,,,,,,,,,,,,,,,,,,,,,,,,,,,,,,,,,,,,,,
2021/11/2,29,,,,,,,,,,,,,,,,,,,,,,,,,,0,0,0,0,,,,,,,,,,,,,,,,,,,,,,,,,,,,,,,,,,,,,,,,,,,,,
2021/11/3,12,,,,,,,,,,,,,,,,,,,,,,,,,,0,0,0,0,,,,,,,,,,,,,,,,,,,,,,,,,,,,,,,,,,,,,,,,,,,,,
2021/11/4,15,,,,,,,,,,,,,,,,,,,,,,,,,,0,0,0,0,,,,,,,,,,,,,,,,,,,,,,,,,,,,,,,,,,,,,,,,,,,,,
2021/11/5,28,,,,,,,,,,,,,,,,,,,,,,,,,,0,0,0,0,,,,,,,,,,,,,,,,,,,,,,,,,,,,,,,,,,,,,,,,,,,,,
2021/11/6,24,,,,,,,,,,,,,,,,,,,,,,,,,,0,0,0,0,,,,,,,,,,,,,,,,,,,,,,,,,,,,,,,,,,,,,,,,,,,,,
2021/11/7,12,,,,,,,,,,,,,,,,,,,,,,,,,,0,0,0,0,,,,,,,,,,,,,,,,,,,,,,,,,,,,,,,,,,,,,,,,,,,,,
2021/11/8,23,,,,,,,,,,,,,,,,,,,,,,,,,,0,0,0,0,0,,,,,,,,,,,,,,,,,,,,,,,,,,,,,,,,,,,,,,,,,,,,
2021/11/9,19,,,,,,,,,,,,,,,,,,,,,,,,,,,0,0,0,0,,,,,,,,,,,,,,,,,,,,,,,,,,,,,,,,,,,,,,,,,,,,
2021/11/10,25,,,,,,,,,,,,,,,,,,,,,,,,,,,0,0,0,0,,,,,,,,,,,,,,,,,,,,,,,,,,,,,,,,,,,,,,,,,,,,
2021/11/11,17,,,,,,,,,,,,,,,,,,,,,,,,,,,0,0,0,0,,,,,,,,,,,,,,,,,,,,,,,,,,,,,,,,,,,,,,,,,,,,
2021/11/12,20,,,,,,,,,,,,,,,,,,,,,,,,,,,0,0,0,0,,,,,,,,,,,,,,,,,,,,,,,,,,,,,,,,,,,,,,,,,,,,
2021/11/13,17,,,,,,,,,,,,,,,,,,,,,,,,,,,0,0,0,0,,,,,,,,,,,,,,,,,,,,,,,,,,,,,,,,,,,,,,,,,,,,
2021/11/14,5,,,,,,,,,,,,,,,,,,,,,,,,,,,0,0,0,0,,,,,,,,,,,,,,,,,,,,,,,,,,,,,,,,,,,,,,,,,,,,
2021/11/15,16,,,,,,,,,,,,,,,,,,,,,,,,,,,0,0,0,0,,,,,,,,,,,,,,,,,,,,,,,,,,,,,,,,,,,,,,,,,,,,
2021/11/16,22,,,,,,,,,,,,,,,,,,,,,,,,,,,,0,0,0,22,,,,,,,,,,,,,,,,,,,,,,,,,,,,,,,,,,,,,,,,,,,
2021/11/17,15,,,,,,,,,,,,,,,,,,,,,,,,,,,,0,0,0,22,,,,,,,,,,,,,,,,,,,,,,,,,,,,,,,,,,,,,,,,,,,
2021/11/18,14,,,,,,,,,,,,,,,,,,,,,,,,,,,,0,0,0,22,,,,,,,,,,,,,,,,,,,,,,,,,,,,,,,,,,,,,,,,,,,
2021/11/19,19,,,,,,,,,,,,,,,,,,,,,,,,,,,,0,0,0,23,,,,,,,,,,,,,,,,,,,,,,,,,,,,,,,,,,,,,,,,,,,
2021/11/20,18,,,,,,,,,,,,,,,,,,,,,,,,,,,,0,0,0,23,,,,,,,,,,,,,,,,,,,,,,,,,,,,,,,,,,,,,,,,,,,
2021/11/21,3,,,,,,,,,,,,,,,,,,,,,,,,,,,,0,0,0,23,,,,,,,,,,,,,,,,,,,,,,,,,,,,,,,,,,,,,,,,,,,
2021/11/22,17,,,,,,,,,,,,,,,,,,,,,,,,,,,,0,0,0,24,,,,,,,,,,,,,,,,,,,,,,,,,,,,,,,,,,,,,,,,,,,
2021/11/23,3,,,,,,,,,,,,,,,,,,,,,,,,,,,,,0,0,24,,,,,,,,,,,,,,,,,,,,,,,,,,,,,,,,,,,,,,,,,,,
2021/11/24,23,,,,,,,,,,,,,,,,,,,,,,,,,,,,,0,0,24,9,,,,,,,,,,,,,,,,,,,,,,,,,,,,,,,,,,,,,,,,,,
2021/11/25,22,,,,,,,,,,,,,,,,,,,,,,,,,,,,,0,0,25,9,,,,,,,,,,,,,,,,,,,,,,,,,,,,,,,,,,,,,,,,,,
2021/11/26,15,,,,,,,,,,,,,,,,,,,,,,,,,,,,,0,0,25,9,,,,,,,,,,,,,,,,,,,,,,,,,,,,,,,,,,,,,,,,,,
2021/11/27,8,,,,,,,,,,,,,,,,,,,,,,,,,,,,,0,0,27,7,,,,,,,,,,,,,,,,,,,,,,,,,,,,,,,,,,,,,,,,,,
2021/11/28,10,,,,,,,,,,,,,,,,,,,,,,,,,,,,,0,0,27,7,,,,,,,,,,,,,,,,,,,,,,,,,,,,,,,,,,,,,,,,,,
2021/11/29,18,,,,,,,,,,,,,,,,,,,,,,,,,,,,,,0,29,7,,,,,,,,,,,,,,,,,,,,,,,,,,,,,,,,,,,,,,,,,,
2021/11/30,22,,,,,,,,,,,,,,,,,,,,,,,,,,,,,,0,29,7,8,,,,,,,,,,,,,,,,,,,,,,,,,,,,,,,,,,,,,,,,,
2021/12/1,11,,,,,,,,,,,,,,,,,,,,,,,,,,,,,,0,30,6,8,,,,,,,,,,,,,,,,,,,,,,,,,,,,,,,,,,,,,,,,,
2021/12/2,14,,,,,,,,,,,,,,,,,,,,,,,,,,,,,,0,31,6,8,,,,,,,,,,,,,,,,,,,,,,,,,,,,,,,,,,,,,,,,,
2021/12/3,20,,,,,,,,,,,,,,,,,,,,,,,,,,,,,,0,33,6,7,,,,,,,,,,,,,,,,,,,,,,,,,,,,,,,,,,,,,,,,,
2021/12/4,17,,,,,,,,,,,,,,,,,,,,,,,,,,,,,,0,34,6,6,,,,,,,,,,,,,,,,,,,,,,,,,,,,,,,,,,,,,,,,,
2021/12/5,4,,,,,,,,,,,,,,,,,,,,,,,,,,,,,,0,35,5,7,,,,,,,,,,,,,,,,,,,,,,,,,,,,,,,,,,,,,,,,,
2021/12/6,13,,,,,,,,,,,,,,,,,,,,,,,,,,,,,,0,37,5,6,,,,,,,,,,,,,,,,,,,,,,,,,,,,,,,,,,,,,,,,,
2021/12/7,20,,,,,,,,,,,,,,,,,,,,,,,,,,,,,,0,38,5,6,11,,,,,,,,,,,,,,,,,,,,,,,,,,,,,,,,,,,,,,,,
2021/12/8,20,,,,,,,,,,,,,,,,,,,,,,,,,,,,,,0,39,5,6,10,,,,,,,,,,,,,,,,,,,,,,,,,,,,,,,,,,,,,,,,
2021/12/9,13,,,,,,,,,,,,,,,,,,,,,,,,,,,,,,0,42,5,5,10,,,,,,,,,,,,,,,,,,,,,,,,,,,,,,,,,,,,,,,,
2021/12/10,23,,,,,,,,,,,,,,,,,,,,,,,,,,,,,,0,43,5,5,10,,,,,,,,,,,,,,,,,,,,,,,,,,,,,,,,,,,,,,,,
2021/12/11,12,,,,,,,,,,,,,,,,,,,,,,,,,,,,,,0,45,4,5,10,,,,,,,,,,,,,,,,,,,,,,,,,,,,,,,,,,,,,,,,
2021/12/12,12,,,,,,,,,,,,,,,,,,,,,,,,,,,,,,0,48,4,5,10,,,,,,,,,,,,,,,,,,,,,,,,,,,,,,,,,,,,,,,,
2021/12/13,20,,,,,,,,,,,,,,,,,,,,,,,,,,,,,,,50,4,4,10,,,,,,,,,,,,,,,,,,,,,,,,,,,,,,,,,,,,,,,,
2021/12/14,33,,,,,,,,,,,,,,,,,,,,,,,,,,,,,,,52,4,3,10,11,,,,,,,,,,,,,,,,,,,,,,,,,,,,,,,,,,,,,,,
2021/12/15,35,,,,,,,,,,,,,,,,,,,,,,,,,,,,,,,55,4,3,10,11,,,,,,,,,,,,,,,,,,,,,,,,,,,,,,,,,,,,,,,
2021/12/16,23,,,,,,,,,,,,,,,,,,,,,,,,,,,,,,,59,3,3,10,11,,,,,,,,,,,,,,,,,,,,,,,,,,,,,,,,,,,,,,,
2021/12/17,35,,,,,,,,,,,,,,,,,,,,,,,,,,,,,,,61,3,3,10,11,,,,,,,,,,,,,,,,,,,,,,,,,,,,,,,,,,,,,,,
2021/12/18,33,,,,,,,,,,,,,,,,,,,,,,,,,,,,,,,65,2,3,10,11,,,,,,,,,,,,,,,,,,,,,,,,,,,,,,,,,,,,,,,
2021/12/19,7,,,,,,,,,,,,,,,,,,,,,,,,,,,,,,,70,2,3,8,11,,,,,,,,,,,,,,,,,,,,,,,,,,,,,,,,,,,,,,,
2021/12/20,38,,,,,,,,,,,,,,,,,,,,,,,,,,,,,,,74,2,3,8,11,40,,,,,,,,,,,,,,,,,,,,,,,,,,,,,,,,,,,,,,
2021/12/21,38,,,,,,,,,,,,,,,,,,,,,,,,,,,,,,,,2,2,8,11,41,,,,,,,,,,,,,,,,,,,,,,,,,,,,,,,,,,,,,,
2021/12/22,35,,,,,,,,,,,,,,,,,,,,,,,,,,,,,,,,2,2,8,11,41,,,,,,,,,,,,,,,,,,,,,,,,,,,,,,,,,,,,,,
2021/12/23,28,,,,,,,,,,,,,,,,,,,,,,,,,,,,,,,,2,2,8,10,41,,,,,,,,,,,,,,,,,,,,,,,,,,,,,,,,,,,,,,
2021/12/24,45,,,,,,,,,,,,,,,,,,,,,,,,,,,,,,,,2,2,8,10,41,,,,,,,,,,,,,,,,,,,,,,,,,,,,,,,,,,,,,,
2021/12/25,37,,,,,,,,,,,,,,,,,,,,,,,,,,,,,,,,2,2,6,10,41,,,,,,,,,,,,,,,,,,,,,,,,,,,,,,,,,,,,,,
2021/12/26,25,,,,,,,,,,,,,,,,,,,,,,,,,,,,,,,,2,2,8,10,42,,,,,,,,,,,,,,,,,,,,,,,,,,,,,,,,,,,,,,
2021/12/27,53,,,,,,,,,,,,,,,,,,,,,,,,,,,,,,,,2,2,8,10,42,0,,,,,,,,,,,,,,,,,,,,,,,,,,,,,,,,,,,,,
2021/12/28,83,,,,,,,,,,,,,,,,,,,,,,,,,,,,,,,,2,2,8,10,51,0,,,,,,,,,,,,,,,,,,,,,,,,,,,,,,,,,,,,,
2021/12/29,73,,,,,,,,,,,,,,,,,,,,,,,,,,,,,,,,,2,8,10,51,0,,,,,,,,,,,,,,,,,,,,,,,,,,,,,,,,,,,,,
2021/12/30,80,,,,,,,,,,,,,,,,,,,,,,,,,,,,,,,,,2,8,10,48,0,,,,,,,,,,,,,,,,,,,,,,,,,,,,,,,,,,,,,
2021/12/31,80,,,,,,,,,,,,,,,,,,,,,,,,,,,,,,,,,2,8,10,60,7,,,,,,,,,,,,,,,,,,,,,,,,,,,,,,,,,,,,,
2022/1/1,50,,,,,,,,,,,,,,,,,,,,,,,,,,,,,,,,,1,8,10,60,7,,,,,,,,,,,,,,,,,,,,,,,,,,,,,,,,,,,,,
2022/1/2,109,,,,,,,,,,,,,,,,,,,,,,,,,,,,,,,,,1,7,10,60,7,,,,,,,,,,,,,,,,,,,,,,,,,,,,,,,,,,,,,
2022/1/3,149,,,,,,,,,,,,,,,,,,,,,,,,,,,,,,,,,1,7,10,68,33,,,,,,,,,,,,,,,,,,,,,,,,,,,,,,,,,,,,,
2022/1/4,436,,,,,,,,,,,,,,,,,,,,,,,,,,,,,,,,,,7,10,73,42,,,,,,,,,,,,,,,,,,,,,,,,,,,,,,,,,,,,,
2022/1/5,713,,,,,,,,,,,,,,,,,,,,,,,,,,,,,,,,,,7,10,79,50,81,,,,,,,,,,,,,,,,,,,,,,,,,,,,,,,,,,,,
2022/1/6,970,,,,,,,,,,,,,,,,,,,,,,,,,,,,,,,,,,7,10,79,50,85,,,,,,,,,,,,,,,,,,,,,,,,,,,,,,,,,,,,
2022/1/7,1376,,,,,,,,,,,,,,,,,,,,,,,,,,,,,,,,,,7,10,78,58,91,,,,,,,,,,,,,,,,,,,,,,,,,,,,,,,,,,,,
2022/1/8,1239,,,,,,,,,,,,,,,,,,,,,,,,,,,,,,,,,,7,10,79,67,96,,,,,,,,,,,,,,,,,,,,,,,,,,,,,,,,,,,,
2022/1/9,963,,,,,,,,,,,,,,,,,,,,,,,,,,,,,,,,,,7,10,88,84,101,,,,,,,,,,,,,,,,,,,,,,,,,,,,,,,,,,,,
2022/1/10,826,,,,,,,,,,,,,,,,,,,,,,,,,,,,,,,,,,7,10,106,101,110,,,,,,,,,,,,,,,,,,,,,,,,,,,,,,,,,,,,
2022/1/11,2431,,,,,,,,,,,,,,,,,,,,,,,,,,,,,,,,,,,10,115,107,116,,,,,,,,,,,,,,,,,,,,,,,,,,,,,,,,,,,,
2022/1/12,3807,,,,,,,,,,,,,,,,,,,,,,,,,,,,,,,,,,,10,132,118,125,1054,,,,,,,,,,,,,,,,,,,,,,,,,,,,,,,,,,,
2022/1/13,4358,,,,,,,,,,,,,,,,,,,,,,,,,,,,,,,,,,,10,133,135,132,1247,,,,,,,,,,,,,,,,,,,,,,,,,,,,,,,,,,,
2022/1/14,5275,,,,,,,,,,,,,,,,,,,,,,,,,,,,,,,,,,,10,139,161,142,1499,,,,,,,,,,,,,,,,,,,,,,,,,,,,,,,,,,,
2022/1/15,4862,,,,,,,,,,,,,,,,,,,,,,,,,,,,,,,,,,,9,151,178,152,1784,,,,,,,,,,,,,,,,,,,,,,,,,,,,,,,,,,,
2022/1/16,3119,,,,,,,,,,,,,,,,,,,,,,,,,,,,,,,,,,,9,168,195,162,2141,,,,,,,,,,,,,,,,,,,,,,,,,,,,,,,,,,,
2022/1/17,6835,,,,,,,,,,,,,,,,,,,,,,,,,,,,,,,,,,,9,186,227,173,2572,,,,,,,,,,,,,,,,,,,,,,,,,,,,,,,,,,,
2022/1/18,9266,,,,,,,,,,,,,,,,,,,,,,,,,,,,,,,,,,,,204,239,186,3080,,,,,,,,,,,,,,,,,,,,,,,,,,,,,,,,,,,
2022/1/19,10321,,,,,,,,,,,,,,,,,,,,,,,,,,,,,,,,,,,,221,273,198,3718,,,,,,,,,,,,,,,,,,,,,,,,,,,,,,,,,,,
2022/1/20,10275,,,,,,,,,,,,,,,,,,,,,,,,,,,,,,,,,,,,239,299,213,4480,,,,,,,,,,,,,,,,,,,,,,,,,,,,,,,,,,,
2022/1/21,12431,,,,,,,,,,,,,,,,,,,,,,,,,,,,,,,,,,,,257,342,227,5406,,,,,,,,,,,,,,,,,,,,,,,,,,,,,,,,,,,
2022/1/22,10229,,,,,,,,,,,,,,,,,,,,,,,,,,,,,,,,,,,,275,377,245,6476,,,,,,,,,,,,,,,,,,,,,,,,,,,,,,,,,,,
2022/1/23,6697,,,,,,,,,,,,,,,,,,,,,,,,,,,,,,,,,,,,310,412,262,7784,,,,,,,,,,,,,,,,,,,,,,,,,,,,,,,,,,,
2022/1/24,15596,,,,,,,,,,,,,,,,,,,,,,,,,,,,,,,,,,,,337,464,281,9357,,,,,,,,,,,,,,,,,,,,,,,,,,,,,,,,,,,
2022/1/25,15642,,,,,,,,,,,,,,,,,,,,,,,,,,,,,,,,,,,,,516,302,11247,15783,,,,,,,,,,,,,,,,,,,,,,,,,,,,,,,,,,
2022/1/26,16284,,,,,,,,,,,,,,,,,,,,,,,,,,,,,,,,,,,,,577,325,13519,17729,,,,,,,,,,,,,,,,,,,,,,,,,,,,,,,,,,
2022/1/27,16881,,,,,,,,,,,,,,,,,,,,,,,,,,,,,,,,,,,,,638,348,16249,19961,,,,,,,,,,,,,,,,,,,,,,,,,,,,,,,,,,
2022/1/28,18211,,,,,,,,,,,,,,,,,,,,,,,,,,,,,,,,,,,,,707,375,19532,22357,,,,,,,,,,,,,,,,,,,,,,,,,,,,,,,,,,
2022/1/29,15229,,,,,,,,,,,,,,,,,,,,,,,,,,,,,,,,,,,,,777,405,23478,25190,,,,,,,,,,,,,,,,,,,,,,,,,,,,,,,,,,
2022/1/30,8440,,,,,,,,,,,,,,,,,,,,,,,,,,,,,,,,,,,,,872,436,28220,28354,,,,,,,,,,,,,,,,,,,,,,,,,,,,,,,,,,
2022/1/31,18165,,,,,,,,,,,,,,,,,,,,,,,,,,,,,,,,,,,,,968,470,33921,31852,,,,,,,,,,,,,,,,,,,,,,,,,,,,,,,,,,
2022/2/1,18761,,,,,,,,,,,,,,,,,,,,,,,,,,,,,,,,,,,,,,497,40774,35811,25494,,,,,,,,,,,,,,,,,,,,,,,,,,,,,,,,,
2022/2/2,18807,,,,,,,,,,,,,,,,,,,,,,,,,,,,,,,,,,,,,,533,49010,40263,27509,,,,,,,,,,,,,,,,,,,,,,,,,,,,,,,,,
2022/2/3,19266,,,,,,,,,,,,,,,,,,,,,,,,,,,,,,,,,,,,,,572,58911,45268,29625,,,,,,,,,,,,,,,,,,,,,,,,,,,,,,,,,
2022/2/4,19266,,,,,,,,,,,,,,,,,,,,,,,,,,,,,,,,,,,,,,613,70812,50896,31943,,,,,,,,,,,,,,,,,,,,,,,,,,,,,,,,,
2022/2/5,14495,,,,,,,,,,,,,,,,,,,,,,,,,,,,,,,,,,,,,,658,85116,57222,34432,,,,,,,,,,,,,,,,,,,,,,,,,,,,,,,,,
2022/2/6,8440,,,,,,,,,,,,,,,,,,,,,,,,,,,,,,,,,,,,,,705,102311,64336,37115,,,,,,,,,,,,,,,,,,,,,,,,,,,,,,,,,
2022/2/7,19037,,,,,,,,,,,,,,,,,,,,,,,,,,,,,,,,,,,,,,756,122979,72333,40007,18842,,,,,,,,,,,,,,,,,,,,,,,,,,,,,,,,
2022/2/8,18303,,,,,,,,,,,,,,,,,,,,,,,,,,,,,,,,,,,,,,811,147821,81325,43125,19214,,,,,,,,,,,,,,,,,,,,,,,,,,,,,,,,
2022/2/9,17615,,,,,,,,,,,,,,,,,,,,,,,,,,,,,,,,,,,,,,870,177683,91435,46485,19662,,,,,,,,,,,,,,,,,,,,,,,,,,,,,,,,
2022/2/10,15780,,,,,,,,,,,,,,,,,,,,,,,,,,,,,,,,,,,,,,,213577,102801,50107,20034,,,,,,,,,,,,,,,,,,,,,,,,,,,,,,,,
2022/2/11,7018,,,,,,,,,,,,,,,,,,,,,,,,,,,,,,,,,,,,,,,256722,115581,54012,20482,,,,,,,,,,,,,,,,,,,,,,,,,,,,,,,,
2022/2/12,13761,,,,,,,,,,,,,,,,,,,,,,,,,,,,,,,,,,,,,,,308582,129949,58221,20929,,,,,,,,,,,,,,,,,,,,,,,,,,,,,,,,
2022/2/13,7110,,,,,,,,,,,,,,,,,,,,,,,,,,,,,,,,,,,,,,,370919,146103,62758,21436,,,,,,,,,,,,,,,,,,,,,,,,,,,,,,,,
2022/2/14,17248,,,,,,,,,,,,,,,,,,,,,,,,,,,,,,,,,,,,,,,445848,164265,67648,21886,14216,,,,,,,,,,,,,,,,,,,,,,,,,,,,,,,
2022/2/15,16697,,,,,,,,,,,,,,,,,,,,,,,,,,,,,,,,,,,,,,,535914,184685,72920,22346,14066,,,,,,,,,,,,,,,,,,,,,,,,,,,,,,,
2022/2/16,15505,,,,,,,,,,,,,,,,,,,,,,,,,,,,,,,,,,,,,,,644175,207643,78602,22793,13854,,,,,,,,,,,,,,,,,,,,,,,,,,,,,,,
2022/2/17,12936,,,,,,,,,,,,,,,,,,,,,,,,,,,,,,,,,,,,,,,774305,233455,84727,23225,13667,,,,,,,,,,,,,,,,,,,,,,,,,,,,,,,
2022/2/18,13165,,,,,,,,,,,,,,,,,,,,,,,,,,,,,,,,,,,,,,,,262476,91330,23538,13511,,,,,,,,,,,,,,,,,,,,,,,,,,,,,,,
2022/2/19,10413,,,,,,,,,,,,,,,,,,,,,,,,,,,,,,,,,,,,,,,,295105,98447,23812,13317,,,,,,,,,,,,,,,,,,,,,,,,,,,,,,,
2022/2/20,5092,,,,,,,,,,,,,,,,,,,,,,,,,,,,,,,,,,,,,,,,331790,106118,24060,13118,,,,,,,,,,,,,,,,,,,,,,,,,,,,,,,
2022/2/21,13807,,,,,,,,,,,,,,,,,,,,,,,,,,,,,,,,,,,,,,,,373035,114388,24196,12906,12715,,,,,,,,,,,,,,,,,,,,,,,,,,,,,,
2022/2/22,14541,,,,,,,,,,,,,,,,,,,,,,,,,,,,,,,,,,,,,,,,419407,123301,24283,12706,12624,,,,,,,,,,,,,,,,,,,,,,,,,,,,,,
2022/2/23,6284,,,,,,,,,,,,,,,,,,,,,,,,,,,,,,,,,,,,,,,,471544,132910,24282,12519,12524,,,,,,,,,,,,,,,,,,,,,,,,,,,,,,
2022/2/24,11789,,,,,,,,,,,,,,,,,,,,,,,,,,,,,,,,,,,,,,,,530162,143267,24207,12263,12464,,,,,,,,,,,,,,,,,,,,,,,,,,,,,,
2022/2/25,13028,,,,,,,,,,,,,,,,,,,,,,,,,,,,,,,,,,,,,,,,596067,154431,24058,12020,12404,,,,,,,,,,,,,,,,,,,,,,,,,,,,,,
2022/2/26,10000,,,,,,,,,,,,,,,,,,,,,,,,,,,,,,,,,,,,,,,,670165,166465,23819,11806,12354,,,,,,,,,,,,,,,,,,,,,,,,,,,,,,
2022/2/27,4679,,,,,,,,,,,,,,,,,,,,,,,,,,,,,,,,,,,,,,,,753474,179437,23460,11515,12294,,,,,,,,,,,,,,,,,,,,,,,,,,,,,,
2022/2/28,12064,,,,,,,,,,,,,,,,,,,,,,,,,,,,,,,,,,,,,,,,847138,193420,23012,11222,12284,10138,,,,,,,,,,,,,,,,,,,,,,,,,,,,,
2022/3/1,12294,,,,,,,,,,,,,,,,,,,,,,,,,,,,,,,,,,,,,,,,952447,208492,22489,11008,12233,9959,,,,,,,,,,,,,,,,,,,,,,,,,,,,,
2022/3/2,10229,,,,,,,,,,,,,,,,,,,,,,,,,,,,,,,,,,,,,,,,1070847,224739,21929,10667,12233,9829,,,,,,,,,,,,,,,,,,,,,,,,,,,,,
2022/3/3,9037,,,,,,,,,,,,,,,,,,,,,,,,,,,,,,,,,,,,,,,,,242252,21294,10368,12173,9700,,,,,,,,,,,,,,,,,,,,,,,,,,,,,
2022/3/4,10000,,,,,,,,,,,,,,,,,,,,,,,,,,,,,,,,,,,,,,,,,261130,20547,10075,12173,9580,,,,,,,,,,,,,,,,,,,,,,,,,,,,,
2022/3/5,7339,,,,,,,,,,,,,,,,,,,,,,,,,,,,,,,,,,,,,,,,,281479,19863,9763,12161,9469,,,,,,,,,,,,,,,,,,,,,,,,,,,,,
2022/3/6,3670,,,,,,,,,,,,,,,,,,,,,,,,,,,,,,,,,,,,,,,,,303413,19054,9427,12163,9341,,,,,,,,,,,,,,,,,,,,,,,,,,,,,
2022/3/7,10092,,,,,,,,,,,,,,,,,,,,,,,,,,,,,,,,,,,,,,,,,327057,18208,9128,12113,9242,,,,,,,,,,,,,,,,,,,,,,,,,,,,,
2022/3/8,10229,,,,,,,,,,,,,,,,,,,,,,,,,,,,,,,,,,,,,,,,,352543,17411,8779,12043,9172,8878,,,,,,,,,,,,,,,,,,,,,,,,,,,,
2022/3/9,8716,,,,,,,,,,,,,,,,,,,,,,,,,,,,,,,,,,,,,,,,,380015,16560,8430,12033,9112,8765,,,,,,,,,,,,,,,,,,,,,,,,,,,,
2022/3/10,7569,,,,,,,,,,,,,,,,,,,,,,,,,,,,,,,,,,,,,,,,,,15756,8130,11983,9003,8652,,,,,,,,,,,,,,,,,,,,,,,,,,,,
2022/3/11,8349,,,,,,,,,,,,,,,,,,,,,,,,,,,,,,,,,,,,,,,,,,14947,7775,11933,8933,8501,,,,,,,,,,,,,,,,,,,,,,,,,,,,
2022/3/12,6651,,,,,,,,,,,,,,,,,,,,,,,,,,,,,,,,,,,,,,,,,,14176,7408,11913,8883,8426,,,,,,,,,,,,,,,,,,,,,,,,,,,,
2022/3/13,3394,,,,,,,,,,,,,,,,,,,,,,,,,,,,,,,,,,,,,,,,,,13379,7084,11812,8823,8350,,,,,,,,,,,,,,,,,,,,,,,,,,,,
2022/3/14,9358,,,,,,,,,,,,,,,,,,,,,,,,,,,,,,,,,,,,,,,,,,12707,6728,11752,8763,8274,7496,,,,,,,,,,,,,,,,,,,,,,,,,,,
2022/3/15,9174,,,,,,,,,,,,,,,,,,,,,,,,,,,,,,,,,,,,,,,,,,12035,6404,11672,8744,8198,7423,,,,,,,,,,,,,,,,,,,,,,,,,,,
2022/3/16,7752,,,,,,,,,,,,,,,,,,,,,,,,,,,,,,,,,,,,,,,,,,11348,6037,11572,8704,8197,7322,,,,,,,,,,,,,,,,,,,,,,,,,,,
2022/3/17,6697,,,,,,,,,,,,,,,,,,,,,,,,,,,,,,,,,,,,,,,,,,,5725,11442,8644,8121,7203,,,,,,,,,,,,,,,,,,,,,,,,,,,
2022/3/18,6789,,,,,,,,,,,,,,,,,,,,,,,,,,,,,,,,,,,,,,,,,,,5382,11321,8644,8119,7102,,,,,,,,,,,,,,,,,,,,,,,,,,,
2022/3/19,5505,,,,,,,,,,,,,,,,,,,,,,,,,,,,,,,,,,,,,,,,,,,5089,11211,8584,8044,7078,,,,,,,,,,,,,,,,,,,,,,,,,,,
2022/3/20,3028,,,,,,,,,,,,,,,,,,,,,,,,,,,,,,,,,,,,,,,,,,,4777,11071,8524,8042,6954,,,,,,,,,,,,,,,,,,,,,,,,,,,
2022/3/21,2615,,,,,,,,,,,,,,,,,,,,,,,,,,,,,,,,,,,,,,,,,,,4478,10910,8514,8041,6915,,,,,,,,,,,,,,,,,,,,,,,,,,,
2022/3/22,8119,,,,,,,,,,,,,,,,,,,,,,,,,,,,,,,,,,,,,,,,,,,4192,10720,8455,8021,6892,6289,,,,,,,,,,,,,,,,,,,,,,,,,,
2022/3/23,8349,,,,,,,,,,,,,,,,,,,,,,,,,,,,,,,,,,,,,,,,,,,3892,10600,8405,8038,6822,6154,,,,,,,,,,,,,,,,,,,,,,,,,,
2022/3/24,6927,,,,,,,,,,,,,,,,,,,,,,,,,,,,,,,,,,,,,,,,,,,,10369,8385,8037,6774,5983,,,,,,,,,,,,,,,,,,,,,,,,,,
2022/3/25,7339,,,,,,,,,,,,,,,,,,,,,,,,,,,,,,,,,,,,,,,,,,,,10179,8345,8036,6769,5856,,,,,,,,,,,,,,,,,,,,,,,,,,
2022/3/26,6376,,,,,,,,,,,,,,,,,,,,,,,,,,,,,,,,,,,,,,,,,,,,10008,8285,8034,6755,5692,,,,,,,,,,,,,,,,,,,,,,,,,,
2022/3/27,3349,,,,,,,,,,,,,,,,,,,,,,,,,,,,,,,,,,,,,,,,,,,,9768,8206,8018,6698,5564,,,,,,,,,,,,,,,,,,,,,,,,,,
2022/3/28,8761,,,,,,,,,,,,,,,,,,,,,,,,,,,,,,,,,,,,,,,,,,,,9587,8166,8032,6680,5457,,,,,,,,,,,,,,,,,,,,,,,,,,
2022/3/29,9037,,,,,,,,,,,,,,,,,,,,,,,,,,,,,,,,,,,,,,,,,,,,9347,8156,8031,6663,5350,6580,,,,,,,,,,,,,,,,,,,,,,,,,
2022/3/30,7844,,,,,,,,,,,,,,,,,,,,,,,,,,,,,,,,,,,,,,,,,,,,9096,8106,8104,6668,5259,6640,,,,,,,,,,,,,,,,,,,,,,,,,
2022/3/31,7064,,,,,,,,,,,,,,,,,,,,,,,,,,,,,,,,,,,,,,,,,,,,,8034,8088,6670,5137,6735,,,,,,,,,,,,,,,,,,,,,,,,,
2022/4/1,7890,,,,,,,,,,,,,,,,,,,,,,,,,,,,,,,,,,,,,,,,,,,,,7987,8101,6695,5051,6806,,,,,,,,,,,,,,,,,,,,,,,,,
2022/4/2,6193,,,,,,,,,,,,,,,,,,,,,,,,,,,,,,,,,,,,,,,,,,,,,7927,8160,6717,4984,6878,,,,,,,,,,,,,,,,,,,,,,,,,
2022/4/3,3073,,,,,,,,,,,,,,,,,,,,,,,,,,,,,,,,,,,,,,,,,,,,,7867,8173,6740,4899,6982,,,,,,,,,,,,,,,,,,,,,,,,,
2022/4/4,7936,,,,,,,,,,,,,,,,,,,,,,,,,,,,,,,,,,,,,,,,,,,,,7807,8172,6723,4838,7115,,,,,,,,,,,,,,,,,,,,,,,,,
2022/4/5,8899,,,,,,,,,,,,,,,,,,,,,,,,,,,,,,,,,,,,,,,,,,,,,7688,8245,6728,4738,7160,6450,,,,,,,,,,,,,,,,,,,,,,,,
2022/4/6,8257,,,,,,,,,,,,,,,,,,,,,,,,,,,,,,,,,,,,,,,,,,,,,7628,8289,6745,4703,7294,6347,,,,,,,,,,,,,,,,,,,,,,,,
2022/4/7,7294,,,,,,,,,,,,,,,,,,,,,,,,,,,,,,,,,,,,,,,,,,,,,,8318,6770,4624,7401,6228,,,,,,,,,,,,,,,,,,,,,,,,
2022/4/8,7706,,,,,,,,,,,,,,,,,,,,,,,,,,,,,,,,,,,,,,,,,,,,,,8391,6785,4581,7576,6110,,,,,,,,,,,,,,,,,,,,,,,,
2022/4/9,6101,,,,,,,,,,,,,,,,,,,,,,,,,,,,,,,,,,,,,,,,,,,,,,8390,6781,4520,7695,5992,,,,,,,,,,,,,,,,,,,,,,,,
2022/4/10,2523,,,,,,,,,,,,,,,,,,,,,,,,,,,,,,,,,,,,,,,,,,,,,,8388,6854,4453,7829,5874,,,,,,,,,,,,,,,,,,,,,,,,
2022/4/11,,,,,,,,,,,,,,,,,,,,,,,,,,,,,,,,,,,,,,,,,,,,,,,8424,6880,4410,7948,5792,,,,,,,,,,,,,,,,,,,,,,,,
2022/4/12,,,,,,,,,,,,,,,,,,,,,,,,,,,,,,,,,,,,,,,,,,,,,,,8460,6919,4367,8115,5697,5993,,,,,,,,,,,,,,,,,,,,,,,
2022/4/13,,,,,,,,,,,,,,,,,,,,,,,,,,,,,,,,,,,,,,,,,,,,,,,8534,6932,4353,8305,5579,5902,,,,,,,,,,,,,,,,,,,,,,,
2022/4/14,,,,,,,,,,,,,,,,,,,,,,,,,,,,,,,,,,,,,,,,,,,,,,,8532,6956,4282,8400,5518,5800,,,,,,,,,,,,,,,,,,,,,,,
2022/4/15,,,,,,,,,,,,,,,,,,,,,,,,,,,,,,,,,,,,,,,,,,,,,,,,7013,4263,8591,5462,5729,,,,,,,,,,,,,,,,,,,,,,,
2022/4/16,,,,,,,,,,,,,,,,,,,,,,,,,,,,,,,,,,,,,,,,,,,,,,,,7043,4263,8769,5389,5597,,,,,,,,,,,,,,,,,,,,,,,
2022/4/17,,,,,,,,,,,,,,,,,,,,,,,,,,,,,,,,,,,,,,,,,,,,,,,,7072,4224,8948,5345,5521,,,,,,,,,,,,,,,,,,,,,,,
2022/4/18,,,,,,,,,,,,,,,,,,,,,,,,,,,,,,,,,,,,,,,,,,,,,,,,7111,4185,9138,5316,5434,,,,,,,,,,,,,,,,,,,,,,,
2022/4/19,,,,,,,,,,,,,,,,,,,,,,,,,,,,,,,,,,,,,,,,,,,,,,,,7159,4146,9361,5228,5392,5606,,,,,,,,,,,,,,,,,,,,,,
2022/4/20,,,,,,,,,,,,,,,,,,,,,,,,,,,,,,,,,,,,,,,,,,,,,,,,7164,4152,9530,5217,5321,5502,,,,,,,,,,,,,,,,,,,,,,
2022/4/21,,,,,,,,,,,,,,,,,,,,,,,,,,,,,,,,,,,,,,,,,,,,,,,,,4091,9733,5215,5289,5383,,,,,,,,,,,,,,,,,,,,,,
2022/4/22,,,,,,,,,,,,,,,,,,,,,,,,,,,,,,,,,,,,,,,,,,,,,,,,,4091,9971,5157,5238,5266,,,,,,,,,,,,,,,,,,,,,,
2022/4/23,,,,,,,,,,,,,,,,,,,,,,,,,,,,,,,,,,,,,,,,,,,,,,,,,4066,10179,5113,5176,5152,,,,,,,,,,,,,,,,,,,,,,
2022/4/24,,,,,,,,,,,,,,,,,,,,,,,,,,,,,,,,,,,,,,,,,,,,,,,,,4060,10435,5114,5135,5039,,,,,,,,,,,,,,,,,,,,,,
2022/4/25,,,,,,,,,,,,,,,,,,,,,,,,,,,,,,,,,,,,,,,,,,,,,,,,,4016,10669,5085,5083,4928,,,,,,,,,,,,,,,,,,,,,,
2022/4/26,,,,,,,,,,,,,,,,,,,,,,,,,,,,,,,,,,,,,,,,,,,,,,,,,4016,10898,5086,5081,4863,5040,,,,,,,,,,,,,,,,,,,,,
2022/4/27,,,,,,,,,,,,,,,,,,,,,,,,,,,,,,,,,,,,,,,,,,,,,,,,,3980,11160,5093,5080,4734,4891,,,,,,,,,,,,,,,,,,,,,
2022/4/28,,,,,,,,,,,,,,,,,,,,,,,,,,,,,,,,,,,,,,,,,,,,,,,,,3974,11383,5094,5058,4675,4890,,,,,,,,,,,,,,,,,,,,,
2022/4/29,,,,,,,,,,,,,,,,,,,,,,,,,,,,,,,,,,,,,,,,,,,,,,,,,,11636,5104,5016,4584,4889,,,,,,,,,,,,,,,,,,,,,
2022/4/30,,,,,,,,,,,,,,,,,,,,,,,,,,,,,,,,,,,,,,,,,,,,,,,,,,11922,5105,5025,4502,4888,,,,,,,,,,,,,,,,,,,,,
2022/5/1,,,,,,,,,,,,,,,,,,,,,,,,,,,,,,,,,,,,,,,,,,,,,,,,,,12216,5121,5013,4480,4887,,,,,,,,,,,,,,,,,,,,,
2022/5/2,,,,,,,,,,,,,,,,,,,,,,,,,,,,,,,,,,,,,,,,,,,,,,,,,,12469,5122,5011,4379,4886,,,,,,,,,,,,,,,,,,,,,
2022/5/3,,,,,,,,,,,,,,,,,,,,,,,,,,,,,,,,,,,,,,,,,,,,,,,,,,12802,5108,5050,4346,4885,,,,,,,,,,,,,,,,,,,,,
2022/5/4,,,,,,,,,,,,,,,,,,,,,,,,,,,,,,,,,,,,,,,,,,,,,,,,,,13064,5109,5068,4266,4884,,,,,,,,,,,,,,,,,,,,,
2022/5/5,,,,,,,,,,,,,,,,,,,,,,,,,,,,,,,,,,,,,,,,,,,,,,,,,,13397,5173,5046,4221,4883,,,,,,,,,,,,,,,,,,,,,
2022/5/6,,,,,,,,,,,,,,,,,,,,,,,,,,,,,,,,,,,,,,,,,,,,,,,,,,,5174,5065,4183,4771,,,,,,,,,,,,,,,,,,,,,
2022/5/7,,,,,,,,,,,,,,,,,,,,,,,,,,,,,,,,,,,,,,,,,,,,,,,,,,,5231,5063,4145,4770,,,,,,,,,,,,,,,,,,,,,
2022/5/8,,,,,,,,,,,,,,,,,,,,,,,,,,,,,,,,,,,,,,,,,,,,,,,,,,,5247,5111,4091,4769,,,,,,,,,,,,,,,,,,,,,
2022/5/9,,,,,,,,,,,,,,,,,,,,,,,,,,,,,,,,,,,,,,,,,,,,,,,,,,,5308,5159,4058,4768,,,,,,,,,,,,,,,,,,,,,
2022/5/10,,,,,,,,,,,,,,,,,,,,,,,,,,,,,,,,,,,,,,,,,,,,,,,,,,,5356,5148,4024,4767,3098,,,,,,,,,,,,,,,,,,,,
2022/5/11,,,,,,,,,,,,,,,,,,,,,,,,,,,,,,,,,,,,,,,,,,,,,,,,,,,5369,5206,3982,4767,3148,,,,,,,,,,,,,,,,,,,,
2022/5/12,,,,,,,,,,,,,,,,,,,,,,,,,,,,,,,,,,,,,,,,,,,,,,,,,,,5415,5234,3948,4765,3148,,,,,,,,,,,,,,,,,,,,
2022/5/13,,,,,,,,,,,,,,,,,,,,,,,,,,,,,,,,,,,,,,,,,,,,,,,,,,,,5253,3906,4764,3188,,,,,,,,,,,,,,,,,,,,
2022/5/14,,,,,,,,,,,,,,,,,,,,,,,,,,,,,,,,,,,,,,,,,,,,,,,,,,,,5291,3899,4763,3227,,,,,,,,,,,,,,,,,,,,
2022/5/15,,,,,,,,,,,,,,,,,,,,,,,,,,,,,,,,,,,,,,,,,,,,,,,,,,,,5339,3871,4762,3227,,,,,,,,,,,,,,,,,,,,
2022/5/16,,,,,,,,,,,,,,,,,,,,,,,,,,,,,,,,,,,,,,,,,,,,,,,,,,,,5397,3833,4761,3284,,,,,,,,,,,,,,,,,,,,
2022/5/17,,,,,,,,,,,,,,,,,,,,,,,,,,,,,,,,,,,,,,,,,,,,,,,,,,,,5475,3817,4760,3297,,,,,,,,,,,,,,,,,,,,
2022/5/18,,,,,,,,,,,,,,,,,,,,,,,,,,,,,,,,,,,,,,,,,,,,,,,,,,,,5494,3763,4674,3346,3186,,,,,,,,,,,,,,,,,,,
2022/5/19,,,,,,,,,,,,,,,,,,,,,,,,,,,,,,,,,,,,,,,,,,,,,,,,,,,,5542,3762,4610,3383,3185,,,,,,,,,,,,,,,,,,,
2022/5/20,,,,,,,,,,,,,,,,,,,,,,,,,,,,,,,,,,,,,,,,,,,,,,,,,,,,,3735,4624,3445,3130,,,,,,,,,,,,,,,,,,,
2022/5/21,,,,,,,,,,,,,,,,,,,,,,,,,,,,,,,,,,,,,,,,,,,,,,,,,,,,,3748,4608,3485,3085,,,,,,,,,,,,,,,,,,,
2022/5/22,,,,,,,,,,,,,,,,,,,,,,,,,,,,,,,,,,,,,,,,,,,,,,,,,,,,,3685,4607,3534,3044,,,,,,,,,,,,,,,,,,,
2022/5/23,,,,,,,,,,,,,,,,,,,,,,,,,,,,,,,,,,,,,,,,,,,,,,,,,,,,,3684,4606,3594,3033,,,,,,,,,,,,,,,,,,,
2022/5/24,,,,,,,,,,,,,,,,,,,,,,,,,,,,,,,,,,,,,,,,,,,,,,,,,,,,,3671,4606,3623,3029,3305,,,,,,,,,,,,,,,,,,
2022/5/25,,,,,,,,,,,,,,,,,,,,,,,,,,,,,,,,,,,,,,,,,,,,,,,,,,,,,3650,4590,3668,3020,3284,,,,,,,,,,,,,,,,,,
2022/5/26,,,,,,,,,,,,,,,,,,,,,,,,,,,,,,,,,,,,,,,,,,,,,,,,,,,,,3607,4575,3742,2989,3245,,,,,,,,,,,,,,,,,,
2022/5/27,,,,,,,,,,,,,,,,,,,,,,,,,,,,,,,,,,,,,,,,,,,,,,,,,,,,,,4491,3742,2975,3245,,,,,,,,,,,,,,,,,,
2022/5/28,,,,,,,,,,,,,,,,,,,,,,,,,,,,,,,,,,,,,,,,,,,,,,,,,,,,,,4490,3825,2974,3245,,,,,,,,,,,,,,,,,,
2022/5/29,,,,,,,,,,,,,,,,,,,,,,,,,,,,,,,,,,,,,,,,,,,,,,,,,,,,,,4489,3866,2915,3245,,,,,,,,,,,,,,,,,,
2022/5/30,,,,,,,,,,,,,,,,,,,,,,,,,,,,,,,,,,,,,,,,,,,,,,,,,,,,,,4488,3921,2934,3254,,,,,,,,,,,,,,,,,,
2022/5/31,,,,,,,,,,,,,,,,,,,,,,,,,,,,,,,,,,,,,,,,,,,,,,,,,,,,,,4338,3990,2913,3243,2223,,,,,,,,,,,,,,,,,
2022/6/1,,,,,,,,,,,,,,,,,,,,,,,,,,,,,,,,,,,,,,,,,,,,,,,,,,,,,,4337,4027,2932,3254,2137,,,,,,,,,,,,,,,,,
2022/6/2,,,,,,,,,,,,,,,,,,,,,,,,,,,,,,,,,,,,,,,,,,,,,,,,,,,,,,,4079,2918,3245,2068,,,,,,,,,,,,,,,,,
2022/6/3,,,,,,,,,,,,,,,,,,,,,,,,,,,,,,,,,,,,,,,,,,,,,,,,,,,,,,,4139,2909,3284,1999,,,,,,,,,,,,,,,,,
2022/6/4,,,,,,,,,,,,,,,,,,,,,,,,,,,,,,,,,,,,,,,,,,,,,,,,,,,,,,,4188,2915,3305,1930,,,,,,,,,,,,,,,,,
2022/6/5,,,,,,,,,,,,,,,,,,,,,,,,,,,,,,,,,,,,,,,,,,,,,,,,,,,,,,,4228,2916,3313,1904,,,,,,,,,,,,,,,,,
2022/6/6,,,,,,,,,,,,,,,,,,,,,,,,,,,,,,,,,,,,,,,,,,,,,,,,,,,,,,,4277,2962,3331,1861,,,,,,,,,,,,,,,,,
2022/6/7,,,,,,,,,,,,,,,,,,,,,,,,,,,,,,,,,,,,,,,,,,,,,,,,,,,,,,,4337,2953,3339,1813,1762,,,,,,,,,,,,,,,,
2022/6/8,,,,,,,,,,,,,,,,,,,,,,,,,,,,,,,,,,,,,,,,,,,,,,,,,,,,,,,4386,2947,3382,1728,1718,,,,,,,,,,,,,,,,
2022/6/9,,,,,,,,,,,,,,,,,,,,,,,,,,,,,,,,,,,,,,,,,,,,,,,,,,,,,,,4473,2991,3382,1706,1669,,,,,,,,,,,,,,,,
2022/6/10,,,,,,,,,,,,,,,,,,,,,,,,,,,,,,,,,,,,,,,,,,,,,,,,,,,,,,,4538,3019,3416,1654,1641,,,,,,,,,,,,,,,,
2022/6/11,,,,,,,,,,,,,,,,,,,,,,,,,,,,,,,,,,,,,,,,,,,,,,,,,,,,,,,4584,3018,3446,1619,1600,,,,,,,,,,,,,,,,
2022/6/12,,,,,,,,,,,,,,,,,,,,,,,,,,,,,,,,,,,,,,,,,,,,,,,,,,,,,,,4626,3066,3458,1568,1568,,,,,,,,,,,,,,,,
2022/6/13,,,,,,,,,,,,,,,,,,,,,,,,,,,,,,,,,,,,,,,,,,,,,,,,,,,,,,,4659,3065,3510,1558,1520,,,,,,,,,,,,,,,,
2022/6/14,,,,,,,,,,,,,,,,,,,,,,,,,,,,,,,,,,,,,,,,,,,,,,,,,,,,,,,4713,3114,3544,1524,1501,,,,,,,,,,,,,,,,
2022/6/15,,,,,,,,,,,,,,,,,,,,,,,,,,,,,,,,,,,,,,,,,,,,,,,,,,,,,,,4774,3150,3586,1489,1483,,,,,,,,,,,,,,,,
2022/6/16,,,,,,,,,,,,,,,,,,,,,,,,,,,,,,,,,,,,,,,,,,,,,,,,,,,,,,,4869,3198,3612,1435,1396,,,,,,,,,,,,,,,,
2022/6/17,,,,,,,,,,,,,,,,,,,,,,,,,,,,,,,,,,,,,,,,,,,,,,,,,,,,,,,,3209,3663,1437,1404,,,,,,,,,,,,,,,,
2022/6/18,,,,,,,,,,,,,,,,,,,,,,,,,,,,,,,,,,,,,,,,,,,,,,,,,,,,,,,,3249,3710,1411,1352,,,,,,,,,,,,,,,,
2022/6/19,,,,,,,,,,,,,,,,,,,,,,,,,,,,,,,,,,,,,,,,,,,,,,,,,,,,,,,,3294,3769,1359,1352,,,,,,,,,,,,,,,,
2022/6/20,,,,,,,,,,,,,,,,,,,,,,,,,,,,,,,,,,,,,,,,,,,,,,,,,,,,,,,,3342,3808,1350,1296,,,,,,,,,,,,,,,,
2022/6/21,,,,,,,,,,,,,,,,,,,,,,,,,,,,,,,,,,,,,,,,,,,,,,,,,,,,,,,,3364,3848,1349,1272,1534,,,,,,,,,,,,,,,
2022/6/22,,,,,,,,,,,,,,,,,,,,,,,,,,,,,,,,,,,,,,,,,,,,,,,,,,,,,,,,3422,3885,1340,1241,1536,,,,,,,,,,,,,,,
2022/6/23,,,,,,,,,,,,,,,,,,,,,,,,,,,,,,,,,,,,,,,,,,,,,,,,,,,,,,,,3490,3970,1300,1222,1541,,,,,,,,,,,,,,,
2022/6/24,,,,,,,,,,,,,,,,,,,,,,,,,,,,,,,,,,,,,,,,,,,,,,,,,,,,,,,,3536,4021,1292,1197,1542,,,,,,,,,,,,,,,
2022/6/25,,,,,,,,,,,,,,,,,,,,,,,,,,,,,,,,,,,,,,,,,,,,,,,,,,,,,,,,,4098,1253,1151,1562,,,,,,,,,,,,,,,
2022/6/26,,,,,,,,,,,,,,,,,,,,,,,,,,,,,,,,,,,,,,,,,,,,,,,,,,,,,,,,,4183,1261,1129,1562,,,,,,,,,,,,,,,
2022/6/27,,,,,,,,,,,,,,,,,,,,,,,,,,,,,,,,,,,,,,,,,,,,,,,,,,,,,,,,,4218,1209,1110,1569,,,,,,,,,,,,,,,
2022/6/28,,,,,,,,,,,,,,,,,,,,,,,,,,,,,,,,,,,,,,,,,,,,,,,,,,,,,,,,,4303,1205,1061,1584,2202,,,,,,,,,,,,,,
2022/6/29,,,,,,,,,,,,,,,,,,,,,,,,,,,,,,,,,,,,,,,,,,,,,,,,,,,,,,,,,4380,1200,1030,1621,2266,,,,,,,,,,,,,,
2022/6/30,,,,,,,,,,,,,,,,,,,,,,,,,,,,,,,,,,,,,,,,,,,,,,,,,,,,,,,,,4469,1157,1030,1614,2316,,,,,,,,,,,,,,
2022/7/1,,,,,,,,,,,,,,,,,,,,,,,,,,,,,,,,,,,,,,,,,,,,,,,,,,,,,,,,,,1148,987,1633,2362,,,,,,,,,,,,,,
2022/7/2,,,,,,,,,,,,,,,,,,,,,,,,,,,,,,,,,,,,,,,,,,,,,,,,,,,,,,,,,,1147,961,1645,2415,,,,,,,,,,,,,,
2022/7/3,,,,,,,,,,,,,,,,,,,,,,,,,,,,,,,,,,,,,,,,,,,,,,,,,,,,,,,,,,1121,955,1663,2490,,,,,,,,,,,,,,
2022/7/4,,,,,,,,,,,,,,,,,,,,,,,,,,,,,,,,,,,,,,,,,,,,,,,,,,,,,,,,,,1137,913,1682,2532,,,,,,,,,,,,,,
2022/7/5,,,,,,,,,,,,,,,,,,,,,,,,,,,,,,,,,,,,,,,,,,,,,,,,,,,,,,,,,,1115,875,1706,2607,,,,,,,,,,,,,,
2022/7/6,,,,,,,,,,,,,,,,,,,,,,,,,,,,,,,,,,,,,,,,,,,,,,,,,,,,,,,,,,1085,868,1719,2681,,,,,,,,,,,,,,
2022/7/7,,,,,,,,,,,,,,,,,,,,,,,,,,,,,,,,,,,,,,,,,,,,,,,,,,,,,,,,,,1076,840,1749,2734,,,,,,,,,,,,,,
2022/7/8,,,,,,,,,,,,,,,,,,,,,,,,,,,,,,,,,,,,,,,,,,,,,,,,,,,,,,,,,,,788,1749,2832,,,,,,,,,,,,,,
2022/7/9,,,,,,,,,,,,,,,,,,,,,,,,,,,,,,,,,,,,,,,,,,,,,,,,,,,,,,,,,,,781,1786,2915,,,,,,,,,,,,,,
2022/7/10,,,,,,,,,,,,,,,,,,,,,,,,,,,,,,,,,,,,,,,,,,,,,,,,,,,,,,,,,,,757,1812,2982,,,,,,,,,,,,,,
2022/7/11,,,,,,,,,,,,,,,,,,,,,,,,,,,,,,,,,,,,,,,,,,,,,,,,,,,,,,,,,,,713,1834,3087,,,,,,,,,,,,,,
2022/7/12,,,,,,,,,,,,,,,,,,,,,,,,,,,,,,,,,,,,,,,,,,,,,,,,,,,,,,,,,,,713,1856,3202,11197,,,,,,,,,,,,,
2022/7/13,,,,,,,,,,,,,,,,,,,,,,,,,,,,,,,,,,,,,,,,,,,,,,,,,,,,,,,,,,,651,1879,3287,12002,,,,,,,,,,,,,
2022/7/14,,,,,,,,,,,,,,,,,,,,,,,,,,,,,,,,,,,,,,,,,,,,,,,,,,,,,,,,,,,682,1930,3415,12874,,,,,,,,,,,,,
2022/7/15,,,,,,,,,,,,,,,,,,,,,,,,,,,,,,,,,,,,,,,,,,,,,,,,,,,,,,,,,,,,1953,3536,13813,,,,,,,,,,,,,
2022/7/16,,,,,,,,,,,,,,,,,,,,,,,,,,,,,,,,,,,,,,,,,,,,,,,,,,,,,,,,,,,,2005,3663,14826,,,,,,,,,,,,,
2022/7/17,,,,,,,,,,,,,,,,,,,,,,,,,,,,,,,,,,,,,,,,,,,,,,,,,,,,,,,,,,,,2020,3787,15926,,,,,,,,,,,,,
2022/7/18,,,,,,,,,,,,,,,,,,,,,,,,,,,,,,,,,,,,,,,,,,,,,,,,,,,,,,,,,,,,2082,3930,17082,,,,,,,,,,,,,
2022/7/19,,,,,,,,,,,,,,,,,,,,,,,,,,,,,,,,,,,,,,,,,,,,,,,,,,,,,,,,,,,,2095,4096,18326,21511,,,,,,,,,,,,
2022/7/20,,,,,,,,,,,,,,,,,,,,,,,,,,,,,,,,,,,,,,,,,,,,,,,,,,,,,,,,,,,,2160,4209,19675,22599,,,,,,,,,,,,
2022/7/21,,,,,,,,,,,,,,,,,,,,,,,,,,,,,,,,,,,,,,,,,,,,,,,,,,,,,,,,,,,,2169,4406,21155,23738,,,,,,,,,,,,
2022/7/22,,,,,,,,,,,,,,,,,,,,,,,,,,,,,,,,,,,,,,,,,,,,,,,,,,,,,,,,,,,,2227,4606,22758,24987,,,,,,,,,,,,
2022/7/23,,,,,,,,,,,,,,,,,,,,,,,,,,,,,,,,,,,,,,,,,,,,,,,,,,,,,,,,,,,,2255,4755,24499,26275,,,,,,,,,,,,
2022/7/24,,,,,,,,,,,,,,,,,,,,,,,,,,,,,,,,,,,,,,,,,,,,,,,,,,,,,,,,,,,,2309,4985,26413,27643,,,,,,,,,,,,
2022/7/25,,,,,,,,,,,,,,,,,,,,,,,,,,,,,,,,,,,,,,,,,,,,,,,,,,,,,,,,,,,,2348,5202,28491,29093,,,,,,,,,,,,
2022/7/26,,,,,,,,,,,,,,,,,,,,,,,,,,,,,,,,,,,,,,,,,,,,,,,,,,,,,,,,,,,,2390,5401,30461,30595,33556,,,,,,,,,,,
2022/7/27,,,,,,,,,,,,,,,,,,,,,,,,,,,,,,,,,,,,,,,,,,,,,,,,,,,,,,,,,,,,2453,5666,32737,32211,34464,,,,,,,,,,,
2022/7/28,,,,,,,,,,,,,,,,,,,,,,,,,,,,,,,,,,,,,,,,,,,,,,,,,,,,,,,,,,,,2494,5954,35183,33920,35357,,,,,,,,,,,
2022/7/29,,,,,,,,,,,,,,,,,,,,,,,,,,,,,,,,,,,,,,,,,,,,,,,,,,,,,,,,,,,,,6245,37812,35795,36305,,,,,,,,,,,
2022/7/30,,,,,,,,,,,,,,,,,,,,,,,,,,,,,,,,,,,,,,,,,,,,,,,,,,,,,,,,,,,,,6483,40638,37803,37283,,,,,,,,,,,
2022/7/31,,,,,,,,,,,,,,,,,,,,,,,,,,,,,,,,,,,,,,,,,,,,,,,,,,,,,,,,,,,,,6840,43674,40012,38208,,,,,,,,,,,
2022/8/1,,,,,,,,,,,,,,,,,,,,,,,,,,,,,,,,,,,,,,,,,,,,,,,,,,,,,,,,,,,,,7181,46938,42343,39278,,,,,,,,,,,
2022/8/2,,,,,,,,,,,,,,,,,,,,,,,,,,,,,,,,,,,,,,,,,,,,,,,,,,,,,,,,,,,,,7493,50446,44830,40343,31479,,,,,,,,,,
2022/8/3,,,,,,,,,,,,,,,,,,,,,,,,,,,,,,,,,,,,,,,,,,,,,,,,,,,,,,,,,,,,,7929,54215,47439,41467,31609,,,,,,,,,,
2022/8/4,,,,,,,,,,,,,,,,,,,,,,,,,,,,,,,,,,,,,,,,,,,,,,,,,,,,,,,,,,,,,8351,58266,49618,42587,31665,,,,,,,,,,
2022/8/5,,,,,,,,,,,,,,,,,,,,,,,,,,,,,,,,,,,,,,,,,,,,,,,,,,,,,,,,,,,,,,62620,52325,43791,31683,,,,,,,,,,
2022/8/6,,,,,,,,,,,,,,,,,,,,,,,,,,,,,,,,,,,,,,,,,,,,,,,,,,,,,,,,,,,,,,67300,55180,45049,31757,,,,,,,,,,
2022/8/7,,,,,,,,,,,,,,,,,,,,,,,,,,,,,,,,,,,,,,,,,,,,,,,,,,,,,,,,,,,,,,72329,58190,46405,31794,,,,,,,,,,
2022/8/8,,,,,,,,,,,,,,,,,,,,,,,,,,,,,,,,,,,,,,,,,,,,,,,,,,,,,,,,,,,,,,77734,61365,47823,31868,28461,,,,,,,,,
2022/8/9,,,,,,,,,,,,,,,,,,,,,,,,,,,,,,,,,,,,,,,,,,,,,,,,,,,,,,,,,,,,,,83542,64713,49316,31867,28366,,,,,,,,,
2022/8/10,,,,,,,,,,,,,,,,,,,,,,,,,,,,,,,,,,,,,,,,,,,,,,,,,,,,,,,,,,,,,,89785,68244,50821,31867,28141,,,,,,,,,
2022/8/11,,,,,,,,,,,,,,,,,,,,,,,,,,,,,,,,,,,,,,,,,,,,,,,,,,,,,,,,,,,,,,96494,71967,52388,31848,27953,,,,,,,,,
2022/8/12,,,,,,,,,,,,,,,,,,,,,,,,,,,,,,,,,,,,,,,,,,,,,,,,,,,,,,,,,,,,,,103705,75893,54092,31810,27746,,,,,,,,,
2022/8/13,,,,,,,,,,,,,,,,,,,,,,,,,,,,,,,,,,,,,,,,,,,,,,,,,,,,,,,,,,,,,,111454,80034,55858,31791,27596,,,,,,,,,
2022/8/14,,,,,,,,,,,,,,,,,,,,,,,,,,,,,,,,,,,,,,,,,,,,,,,,,,,,,,,,,,,,,,119783,84401,57699,31753,27408,,,,,,,,,
2022/8/15,,,,,,,,,,,,,,,,,,,,,,,,,,,,,,,,,,,,,,,,,,,,,,,,,,,,,,,,,,,,,,128734,89006,59739,31733,27164,20764,,,,,,,,
2022/8/16,,,,,,,,,,,,,,,,,,,,,,,,,,,,,,,,,,,,,,,,,,,,,,,,,,,,,,,,,,,,,,138353,93862,60739,31677,26958,20337,,,,,,,,
2022/8/17,,,,,,,,,,,,,,,,,,,,,,,,,,,,,,,,,,,,,,,,,,,,,,,,,,,,,,,,,,,,,,148692,98983,62525,31602,26763,19932,,,,,,,,
2022/8/18,,,,,,,,,,,,,,,,,,,,,,,,,,,,,,,,,,,,,,,,,,,,,,,,,,,,,,,,,,,,,,159803,104383,64363,31452,26563,19129,,,,,,,,
2022/8/19,,,,,,,,,,,,,,,,,,,,,,,,,,,,,,,,,,,,,,,,,,,,,,,,,,,,,,,,,,,,,,,110078,66256,31377,26413,18568,,,,,,,,
2022/8/20,,,,,,,,,,,,,,,,,,,,,,,,,,,,,,,,,,,,,,,,,,,,,,,,,,,,,,,,,,,,,,,116084,68204,31208,26187,18056,,,,,,,,
2022/8/21,,,,,,,,,,,,,,,,,,,,,,,,,,,,,,,,,,,,,,,,,,,,,,,,,,,,,,,,,,,,,,,122418,70209,31077,25999,17651,,,,,,,,
2022/8/22,,,,,,,,,,,,,,,,,,,,,,,,,,,,,,,,,,,,,,,,,,,,,,,,,,,,,,,,,,,,,,,129097,72273,30927,25792,17160,,,,,,,,
2022/8/23,,,,,,,,,,,,,,,,,,,,,,,,,,,,,,,,,,,,,,,,,,,,,,,,,,,,,,,,,,,,,,,136140,74398,30758,25605,16393,,,,,,,,
2022/8/24,,,,,,,,,,,,,,,,,,,,,,,,,,,,,,,,,,,,,,,,,,,,,,,,,,,,,,,,,,,,,,,143568,76585,30552,25454,15924,,,,,,,,
2022/8/25,,,,,,,,,,,,,,,,,,,,,,,,,,,,,,,,,,,,,,,,,,,,,,,,,,,,,,,,,,,,,,,151401,78837,30309,25154,15519,,,,,,,,
2022/8/26,,,,,,,,,,,,,,,,,,,,,,,,,,,,,,,,,,,,,,,,,,,,,,,,,,,,,,,,,,,,,,,,81154,30103,24929,15028,,,,,,,,
2022/8/27,,,,,,,,,,,,,,,,,,,,,,,,,,,,,,,,,,,,,,,,,,,,,,,,,,,,,,,,,,,,,,,,83540,29878,24629,14687,,,,,,,,
2022/8/28,,,,,,,,,,,,,,,,,,,,,,,,,,,,,,,,,,,,,,,,,,,,,,,,,,,,,,,,,,,,,,,,85996,29579,24460,13984,,,,,,,,
2022/8/29,,,,,,,,,,,,,,,,,,,,,,,,,,,,,,,,,,,,,,,,,,,,,,,,,,,,,,,,,,,,,,,,88525,29261,24254,13671,14403,,,,,,,
2022/8/30,,,,,,,,,,,,,,,,,,,,,,,,,,,,,,,,,,,,,,,,,,,,,,,,,,,,,,,,,,,,,,,,91127,28943,23991,13195,13914,,,,,,,
2022/8/31,,,,,,,,,,,,,,,,,,,,,,,,,,,,,,,,,,,,,,,,,,,,,,,,,,,,,,,,,,,,,,,,93806,28662,23691,12768,13756,,,,,,,
2022/9/1,,,,,,,,,,,,,,,,,,,,,,,,,,,,,,,,,,,,,,,,,,,,,,,,,,,,,,,,,,,,,,,,96564,28382,23391,12299,13284,,,,,,,
2022/9/2,,,,,,,,,,,,,,,,,,,,,,,,,,,,,,,,,,,,,,,,,,,,,,,,,,,,,,,,,,,,,,,,,27951,23166,11830,12794,,,,,,,
2022/9/3,,,,,,,,,,,,,,,,,,,,,,,,,,,,,,,,,,,,,,,,,,,,,,,,,,,,,,,,,,,,,,,,,27633,22941,11425,12637,,,,,,,
2022/9/4,,,,,,,,,,,,,,,,,,,,,,,,,,,,,,,,,,,,,,,,,,,,,,,,,,,,,,,,,,,,,,,,,27166,22566,11020,12060,,,,,,,
2022/9/5,,,,,,,,,,,,,,,,,,,,,,,,,,,,,,,,,,,,,,,,,,,,,,,,,,,,,,,,,,,,,,,,,26792,22286,10700,11955,10026,,,,,,
2022/9/6,,,,,,,,,,,,,,,,,,,,,,,,,,,,,,,,,,,,,,,,,,,,,,,,,,,,,,,,,,,,,,,,,26530,21911,10381,11588,9757,,,,,,
2022/9/7,,,,,,,,,,,,,,,,,,,,,,,,,,,,,,,,,,,,,,,,,,,,,,,,,,,,,,,,,,,,,,,,,25913,21686,9720,11151,9587,,,,,,
2022/9/8,,,,,,,,,,,,,,,,,,,,,,,,,,,,,,,,,,,,,,,,,,,,,,,,,,,,,,,,,,,,,,,,,25558,21349,9421,11046,9417,,,,,,
2022/9/9,,,,,,,,,,,,,,,,,,,,,,,,,,,,,,,,,,,,,,,,,,,,,,,,,,,,,,,,,,,,,,,,,,21012,9016,10889,9120,,,,,,
2022/9/10,,,,,,,,,,,,,,,,,,,,,,,,,,,,,,,,,,,,,,,,,,,,,,,,,,,,,,,,,,,,,,,,,,20750,8739,10452,8824,,,,,,
2022/9/11,,,,,,,,,,,,,,,,,,,,,,,,,,,,,,,,,,,,,,,,,,,,,,,,,,,,,,,,,,,,,,,,,,20319,8384,10348,8413,,,,,,
2022/9/12,,,,,,,,,,,,,,,,,,,,,,,,,,,,,,,,,,,,,,,,,,,,,,,,,,,,,,,,,,,,,,,,,,20001,7908,10086,8328,8183,,,,,
2022/9/13,,,,,,,,,,,,,,,,,,,,,,,,,,,,,,,,,,,,,,,,,,,,,,,,,,,,,,,,,,,,,,,,,,19551,7546,9824,8031,8111,,,,,
2022/9/14,,,,,,,,,,,,,,,,,,,,,,,,,,,,,,,,,,,,,,,,,,,,,,,,,,,,,,,,,,,,,,,,,,19289,7162,9720,7861,7830,,,,,
2022/9/15,,,,,,,,,,,,,,,,,,,,,,,,,,,,,,,,,,,,,,,,,,,,,,,,,,,,,,,,,,,,,,,,,,,6906,9388,7719,7758,,,,,
2022/9/16,,,,,,,,,,,,,,,,,,,,,,,,,,,,,,,,,,,,,,,,,,,,,,,,,,,,,,,,,,,,,,,,,,,6650,9231,7493,7476,,,,,
2022/9/17,,,,,,,,,,,,,,,,,,,,,,,,,,,,,,,,,,,,,,,,,,,,,,,,,,,,,,,,,,,,,,,,,,,6096,9022,7280,7405,,,,,
2022/9/18,,,,,,,,,,,,,,,,,,,,,,,,,,,,,,,,,,,,,,,,,,,,,,,,,,,,,,,,,,,,,,,,,,,5862,8812,7279,7123,,,,,
2022/9/19,,,,,,,,,,,,,,,,,,,,,,,,,,,,,,,,,,,,,,,,,,,,,,,,,,,,,,,,,,,,,,,,,,,5542,8708,7067,7121,,,,,
2022/9/20,,,,,,,,,,,,,,,,,,,,,,,,,,,,,,,,,,,,,,,,,,,,,,,,,,,,,,,,,,,,,,,,,,,5308,8604,6897,7050,6577,,,,
2022/9/21,,,,,,,,,,,,,,,,,,,,,,,,,,,,,,,,,,,,,,,,,,,,,,,,,,,,,,,,,,,,,,,,,,,5073,8324,6853,6768,6575,,,,
2022/9/22,,,,,,,,,,,,,,,,,,,,,,,,,,,,,,,,,,,,,,,,,,,,,,,,,,,,,,,,,,,,,,,,,,,,8220,6683,6766,6223,,,,
2022/9/23,,,,,,,,,,,,,,,,,,,,,,,,,,,,,,,,,,,,,,,,,,,,,,,,,,,,,,,,,,,,,,,,,,,,8116,6471,6765,6221,,,,
2022/9/24,,,,,,,,,,,,,,,,,,,,,,,,,,,,,,,,,,,,,,,,,,,,,,,,,,,,,,,,,,,,,,,,,,,,7906,6229,6693,6218,,,,
2022/9/25,,,,,,,,,,,,,,,,,,,,,,,,,,,,,,,,,,,,,,,,,,,,,,,,,,,,,,,,,,,,,,,,,,,,7697,6143,6412,5866,,,,
2022/9/26,,,,,,,,,,,,,,,,,,,,,,,,,,,,,,,,,,,,,,,,,,,,,,,,,,,,,,,,,,,,,,,,,,,,7698,6142,6410,5864,,,,
2022/9/27,,,,,,,,,,,,,,,,,,,,,,,,,,,,,,,,,,,,,,,,,,,,,,,,,,,,,,,,,,,,,,,,,,,,7489,5930,6337,5862,,,,
2022/9/28,,,,,,,,,,,,,,,,,,,,,,,,,,,,,,,,,,,,,,,,,,,,,,,,,,,,,,,,,,,,,,,,,,,,7209,5886,6055,5509,,,,
2022/9/29,,,,,,,,,,,,,,,,,,,,,,,,,,,,,,,,,,,,,,,,,,,,,,,,,,,,,,,,,,,,,,,,,,,,7210,5716,6054,5507,,,,
2022/9/30,,,,,,,,,,,,,,,,,,,,,,,,,,,,,,,,,,,,,,,,,,,,,,,,,,,,,,,,,,,,,,,,,,,,7001,5673,6052,5505,,,,
2022/10/1,,,,,,,,,,,,,,,,,,,,,,,,,,,,,,,,,,,,,,,,,,,,,,,,,,,,,,,,,,,,,,,,,,,,6792,5503,6051,5152,,,,
2022/10/2,,,,,,,,,,,,,,,,,,,,,,,,,,,,,,,,,,,,,,,,,,,,,,,,,,,,,,,,,,,,,,,,,,,,6792,5501,5979,5150,,,,
2022/10/3,,,,,,,,,,,,,,,,,,,,,,,,,,,,,,,,,,,,,,,,,,,,,,,,,,,,,,,,,,,,,,,,,,,,6583,5331,5698,5148,,,,
2022/10/4,,,,,,,,,,,,,,,,,,,,,,,,,,,,,,,,,,,,,,,,,,,,,,,,,,,,,,,,,,,,,,,,,,,,6584,5218,5696,5146,,,,
2022/10/5,,,,,,,,,,,,,,,,,,,,,,,,,,,,,,,,,,,,,,,,,,,,,,,,,,,,,,,,,,,,,,,,,,,,6427,5047,5695,4793,,,,
2022/10/6,,,,,,,,,,,,,,,,,,,,,,,,,,,,,,,,,,,,,,,,,,,,,,,,,,,,,,,,,,,,,,,,,,,,,5004,5693,4791,,,,
2022/10/7,,,,,,,,,,,,,,,,,,,,,,,,,,,,,,,,,,,,,,,,,,,,,,,,,,,,,,,,,,,,,,,,,,,,,4875,5692,4789,,,,
2022/10/8,,,,,,,,,,,,,,,,,,,,,,,,,,,,,,,,,,,,,,,,,,,,,,,,,,,,,,,,,,,,,,,,,,,,,4789,5620,4784,,,,
2022/10/9,,,,,,,,,,,,,,,,,,,,,,,,,,,,,,,,,,,,,,,,,,,,,,,,,,,,,,,,,,,,,,,,,,,,,4788,5338,4782,,,,
2022/10/10,,,,,,,,,,,,,,,,,,,,,,,,,,,,,,,,,,,,,,,,,,,,,,,,,,,,,,,,,,,,,,,,,,,,,4576,5337,4430,,,,
2022/10/11,,,,,,,,,,,,,,,,,,,,,,,,,,,,,,,,,,,,,,,,,,,,,,,,,,,,,,,,,,,,,,,,,,,,,4574,5335,4427,,,,
2022/10/12,,,,,,,,,,,,,,,,,,,,,,,,,,,,,,,,,,,,,,,,,,,,,,,,,,,,,,,,,,,,,,,,,,,,,4573,5333,4425,,,,
2022/10/13,,,,,,,,,,,,,,,,,,,,,,,,,,,,,,,,,,,,,,,,,,,,,,,,,,,,,,,,,,,,,,,,,,,,,4572,5331,4423,,,,
2022/10/14,,,,,,,,,,,,,,,,,,,,,,,,,,,,,,,,,,,,,,,,,,,,,,,,,,,,,,,,,,,,,,,,,,,,,,5260,4421,,,,
2022/10/15,,,,,,,,,,,,,,,,,,,,,,,,,,,,,,,,,,,,,,,,,,,,,,,,,,,,,,,,,,,,,,,,,,,,,,4978,4418,,,,
2022/10/16,,,,,,,,,,,,,,,,,,,,,,,,,,,,,,,,,,,,,,,,,,,,,,,,,,,,,,,,,,,,,,,,,,,,,,4976,4416,,,,
2022/10/17,,,,,,,,,,,,,,,,,,,,,,,,,,,,,,,,,,,,,,,,,,,,,,,,,,,,,,,,,,,,,,,,,,,,,,4975,4414,,,,
2022/10/18,,,,,,,,,,,,,,,,,,,,,,,,,,,,,,,,,,,,,,,,,,,,,,,,,,,,,,,,,,,,,,,,,,,,,,4973,4412,,,,
2022/10/19,,,,,,,,,,,,,,,,,,,,,,,,,,,,,,,,,,,,,,,,,,,,,,,,,,,,,,,,,,,,,,,,,,,,,,,4409,,,,
2022/10/20,,,,,,,,,,,,,,,,,,,,,,,,,,,,,,,,,,,,,,,,,,,,,,,,,,,,,,,,,,,,,,,,,,,,,,,4057,,,,
2022/10/21,,,,,,,,,,,,,,,,,,,,,,,,,,,,,,,,,,,,,,,,,,,,,,,,,,,,,,,,,,,,,,,,,,,,,,,4055,,,,
2022/10/22,,,,,,,,,,,,,,,,,,,,,,,,,,,,,,,,,,,,,,,,,,,,,,,,,,,,,,,,,,,,,,,,,,,,,,,4052,,,,
2022/10/23,,,,,,,,,,,,,,,,,,,,,,,,,,,,,,,,,,,,,,,,,,,,,,,,,,,,,,,,,,,,,,,,,,,,,,,4050,,,,
2022/10/24,,,,,,,,,,,,,,,,,,,,,,,,,,,,,,,,,,,,,,,,,,,,,,,,,,,,,,,,,,,,,,,,,,,,,,,4048,2041,,,
2022/10/25,,,,,,,,,,,,,,,,,,,,,,,,,,,,,,,,,,,,,,,,,,,,,,,,,,,,,,,,,,,,,,,,,,,,,,,4046,1969,,,
2022/10/26,,,,,,,,,,,,,,,,,,,,,,,,,,,,,,,,,,,,,,,,,,,,,,,,,,,,,,,,,,,,,,,,,,,,,,,4043,1967,,,
2022/10/27,,,,,,,,,,,,,,,,,,,,,,,,,,,,,,,,,,,,,,,,,,,,,,,,,,,,,,,,,,,,,,,,,,,,,,,4041,1964,,,
2022/10/28,,,,,,,,,,,,,,,,,,,,,,,,,,,,,,,,,,,,,,,,,,,,,,,,,,,,,,,,,,,,,,,,,,,,,,,,1892,,,
2022/10/29,,,,,,,,,,,,,,,,,,,,,,,,,,,,,,,,,,,,,,,,,,,,,,,,,,,,,,,,,,,,,,,,,,,,,,,,1820,,,
2022/10/30,,,,,,,,,,,,,,,,,,,,,,,,,,,,,,,,,,,,,,,,,,,,,,,,,,,,,,,,,,,,,,,,,,,,,,,,1815,,,
2022/10/31,,,,,,,,,,,,,,,,,,,,,,,,,,,,,,,,,,,,,,,,,,,,,,,,,,,,,,,,,,,,,,,,,,,,,,,,1743,,,
2022/11/1,,,,,,,,,,,,,,,,,,,,,,,,,,,,,,,,,,,,,,,,,,,,,,,,,,,,,,,,,,,,,,,,,,,,,,,,1671,,,
2022/11/2,,,,,,,,,,,,,,,,,,,,,,,,,,,,,,,,,,,,,,,,,,,,,,,,,,,,,,,,,,,,,,,,,,,,,,,,1669,,,
2022/11/3,,,,,,,,,,,,,,,,,,,,,,,,,,,,,,,,,,,,,,,,,,,,,,,,,,,,,,,,,,,,,,,,,,,,,,,,1667,,,
2022/11/4,,,,,,,,,,,,,,,,,,,,,,,,,,,,,,,,,,,,,,,,,,,,,,,,,,,,,,,,,,,,,,,,,,,,,,,,1594,,,
2022/11/5,,,,,,,,,,,,,,,,,,,,,,,,,,,,,,,,,,,,,,,,,,,,,,,,,,,,,,,,,,,,,,,,,,,,,,,,1590,,,
2022/11/6,,,,,,,,,,,,,,,,,,,,,,,,,,,,,,,,,,,,,,,,,,,,,,,,,,,,,,,,,,,,,,,,,,,,,,,,1588,,,
2022/11/7,,,,,,,,,,,,,,,,,,,,,,,,,,,,,,,,,,,,,,,,,,,,,,,,,,,,,,,,,,,,,,,,,,,,,,,,1516,4481,,
2022/11/8,,,,,,,,,,,,,,,,,,,,,,,,,,,,,,,,,,,,,,,,,,,,,,,,,,,,,,,,,,,,,,,,,,,,,,,,1584,4593,,
2022/11/9,,,,,,,,,,,,,,,,,,,,,,,,,,,,,,,,,,,,,,,,,,,,,,,,,,,,,,,,,,,,,,,,,,,,,,,,1511,4705,,
2022/11/10,,,,,,,,,,,,,,,,,,,,,,,,,,,,,,,,,,,,,,,,,,,,,,,,,,,,,,,,,,,,,,,,,,,,,,,,1509,4816,,
2022/11/11,,,,,,,,,,,,,,,,,,,,,,,,,,,,,,,,,,,,,,,,,,,,,,,,,,,,,,,,,,,,,,,,,,,,,,,,1505,4928,,
2022/11/12,,,,,,,,,,,,,,,,,,,,,,,,,,,,,,,,,,,,,,,,,,,,,,,,,,,,,,,,,,,,,,,,,,,,,,,,1503,4984,,
2022/11/13,,,,,,,,,,,,,,,,,,,,,,,,,,,,,,,,,,,,,,,,,,,,,,,,,,,,,,,,,,,,,,,,,,,,,,,,1501,5207,,
2022/11/14,,,,,,,,,,,,,,,,,,,,,,,,,,,,,,,,,,,,,,,,,,,,,,,,,,,,,,,,,,,,,,,,,,,,,,,,1499,5319,7066,
2022/11/15,,,,,,,,,,,,,,,,,,,,,,,,,,,,,,,,,,,,,,,,,,,,,,,,,,,,,,,,,,,,,,,,,,,,,,,,1497,5487,7206,
2022/11/16,,,,,,,,,,,,,,,,,,,,,,,,,,,,,,,,,,,,,,,,,,,,,,,,,,,,,,,,,,,,,,,,,,,,,,,,1494,5711,7416,
2022/11/17,,,,,,,,,,,,,,,,,,,,,,,,,,,,,,,,,,,,,,,,,,,,,,,,,,,,,,,,,,,,,,,,,,,,,,,,1631,5766,7555,
2022/11/18,,,,,,,,,,,,,,,,,,,,,,,,,,,,,,,,,,,,,,,,,,,,,,,,,,,,,,,,,,,,,,,,,,,,,,,,1629,6158,7836,
2022/11/19,,,,,,,,,,,,,,,,,,,,,,,,,,,,,,,,,,,,,,,,,,,,,,,,,,,,,,,,,,,,,,,,,,,,,,,,1626,6270,8045,
2022/11/20,,,,,,,,,,,,,,,,,,,,,,,,,,,,,,,,,,,,,,,,,,,,,,,,,,,,,,,,,,,,,,,,,,,,,,,,1624,6606,8185,
2022/11/21,,,,,,,,,,,,,,,,,,,,,,,,,,,,,,,,,,,,,,,,,,,,,,,,,,,,,,,,,,,,,,,,,,,,,,,,1693,6830,8395,7961
2022/11/22,,,,,,,,,,,,,,,,,,,,,,,,,,,,,,,,,,,,,,,,,,,,,,,,,,,,,,,,,,,,,,,,,,,,,,,,1690,7054,8675,7960
2022/11/23,,,,,,,,,,,,,,,,,,,,,,,,,,,,,,,,,,,,,,,,,,,,,,,,,,,,,,,,,,,,,,,,,,,,,,,,1686,7501,8955,8120
2022/11/24,,,,,,,,,,,,,,,,,,,,,,,,,,,,,,,,,,,,,,,,,,,,,,,,,,,,,,,,,,,,,,,,,,,,,,,,1754,7725,9445,8119
2022/11/25,,,,,,,,,,,,,,,,,,,,,,,,,,,,,,,,,,,,,,,,,,,,,,,,,,,,,,,,,,,,,,,,,,,,,,,,1822,8173,9866,8119
2022/11/26,,,,,,,,,,,,,,,,,,,,,,,,,,,,,,,,,,,,,,,,,,,,,,,,,,,,,,,,,,,,,,,,,,,,,,,,1820,8565,10076,8278
2022/11/27,,,,,,,,,,,,,,,,,,,,,,,,,,,,,,,,,,,,,,,,,,,,,,,,,,,,,,,,,,,,,,,,,,,,,,,,1818,8733,10566,8278
2022/11/28,,,,,,,,,,,,,,,,,,,,,,,,,,,,,,,,,,,,,,,,,,,,,,,,,,,,,,,,,,,,,,,,,,,,,,,,1886,9517,11478,8437
2022/11/29,,,,,,,,,,,,,,,,,,,,,,,,,,,,,,,,,,,,,,,,,,,,,,,,,,,,,,,,,,,,,,,,,,,,,,,,2023,9741,11828,8437
2022/11/30,,,,,,,,,,,,,,,,,,,,,,,,,,,,,,,,,,,,,,,,,,,,,,,,,,,,,,,,,,,,,,,,,,,,,,,,2091,10581,12319,8596
2022/12/1,,,,,,,,,,,,,,,,,,,,,,,,,,,,,,,,,,,,,,,,,,,,,,,,,,,,,,,,,,,,,,,,,,,,,,,,,11198,12950,8915
2022/12/2,,,,,,,,,,,,,,,,,,,,,,,,,,,,,,,,,,,,,,,,,,,,,,,,,,,,,,,,,,,,,,,,,,,,,,,,,11534,13581,8915
2022/12/3,,,,,,,,,,,,,,,,,,,,,,,,,,,,,,,,,,,,,,,,,,,,,,,,,,,,,,,,,,,,,,,,,,,,,,,,,12542,13931,9075
2022/12/4,,,,,,,,,,,,,,,,,,,,,,,,,,,,,,,,,,,,,,,,,,,,,,,,,,,,,,,,,,,,,,,,,,,,,,,,,12934,15334,9234
2022/12/5,,,,,,,,,,,,,,,,,,,,,,,,,,,,,,,,,,,,,,,,,,,,,,,,,,,,,,,,,,,,,,,,,,,,,,,,,14110,15825,9553
2022/12/6,,,,,,,,,,,,,,,,,,,,,,,,,,,,,,,,,,,,,,,,,,,,,,,,,,,,,,,,,,,,,,,,,,,,,,,,,14615,16666,9713
2022/12/7,,,,,,,,,,,,,,,,,,,,,,,,,,,,,,,,,,,,,,,,,,,,,,,,,,,,,,,,,,,,,,,,,,,,,,,,,15511,17649,10032
2022/12/8,,,,,,,,,,,,,,,,,,,,,,,,,,,,,,,,,,,,,,,,,,,,,,,,,,,,,,,,,,,,,,,,,,,,,,,,,17024,18631,10351
2022/12/9,,,,,,,,,,,,,,,,,,,,,,,,,,,,,,,,,,,,,,,,,,,,,,,,,,,,,,,,,,,,,,,,,,,,,,,,,17640,19332,10511
2022/12/10,,,,,,,,,,,,,,,,,,,,,,,,,,,,,,,,,,,,,,,,,,,,,,,,,,,,,,,,,,,,,,,,,,,,,,,,,19433,20314,10830
2022/12/11,,,,,,,,,,,,,,,,,,,,,,,,,,,,,,,,,,,,,,,,,,,,,,,,,,,,,,,,,,,,,,,,,,,,,,,,,20722,21577,11150
2022/12/12,,,,,,,,,,,,,,,,,,,,,,,,,,,,,,,,,,,,,,,,,,,,,,,,,,,,,,,,,,,,,,,,,,,,,,,,,22235,24173,11149
2022/12/13,,,,,,,,,,,,,,,,,,,,,,,,,,,,,,,,,,,,,,,,,,,,,,,,,,,,,,,,,,,,,,,,,,,,,,,,,23804,24804,11948
2022/12/14,,,,,,,,,,,,,,,,,,,,,,,,,,,,,,,,,,,,,,,,,,,,,,,,,,,,,,,,,,,,,,,,,,,,,,,,,25597,26629,12428
2022/12/15,,,,,,,,,,,,,,,,,,,,,,,,,,,,,,,,,,,,,,,,,,,,,,,,,,,,,,,,,,,,,,,,,,,,,,,,,,28173,12907
2022/12/16,,,,,,,,,,,,,,,,,,,,,,,,,,,,,,,,,,,,,,,,,,,,,,,,,,,,,,,,,,,,,,,,,,,,,,,,,,30068,13386
2022/12/17,,,,,,,,,,,,,,,,,,,,,,,,,,,,,,,,,,,,,,,,,,,,,,,,,,,,,,,,,,,,,,,,,,,,,,,,,,31962,13866
2022/12/18,,,,,,,,,,,,,,,,,,,,,,,,,,,,,,,,,,,,,,,,,,,,,,,,,,,,,,,,,,,,,,,,,,,,,,,,,,34208,14345
2022/12/19,,,,,,,,,,,,,,,,,,,,,,,,,,,,,,,,,,,,,,,,,,,,,,,,,,,,,,,,,,,,,,,,,,,,,,,,,,36524,14984
2022/12/20,,,,,,,,,,,,,,,,,,,,,,,,,,,,,,,,,,,,,,,,,,,,,,,,,,,,,,,,,,,,,,,,,,,,,,,,,,39051,15623
2022/12/21,,,,,,,,,,,,,,,,,,,,,,,,,,,,,,,,,,,,,,,,,,,,,,,,,,,,,,,,,,,,,,,,,,,,,,,,,,41858,16263
2022/12/22,,,,,,,,,,,,,,,,,,,,,,,,,,,,,,,,,,,,,,,,,,,,,,,,,,,,,,,,,,,,,,,,,,,,,,,,,,,16262
2022/12/23,,,,,,,,,,,,,,,,,,,,,,,,,,,,,,,,,,,,,,,,,,,,,,,,,,,,,,,,,,,,,,,,,,,,,,,,,,,16902
2022/12/24,,,,,,,,,,,,,,,,,,,,,,,,,,,,,,,,,,,,,,,,,,,,,,,,,,,,,,,,,,,,,,,,,,,,,,,,,,,17541
2022/12/25,,,,,,,,,,,,,,,,,,,,,,,,,,,,,,,,,,,,,,,,,,,,,,,,,,,,,,,,,,,,,,,,,,,,,,,,,,,19140
2022/12/26,,,,,,,,,,,,,,,,,,,,,,,,,,,,,,,,,,,,,,,,,,,,,,,,,,,,,,,,,,,,,,,,,,,,,,,,,,,20099
2022/12/27,,,,,,,,,,,,,,,,,,,,,,,,,,,,,,,,,,,,,,,,,,,,,,,,,,,,,,,,,,,,,,,,,,,,,,,,,,,21058
2022/12/28,,,,,,,,,,,,,,,,,,,,,,,,,,,,,,,,,,,,,,,,,,,,,,,,,,,,,,,,,,,,,,,,,,,,,,,,,,,22017
2022/12/29,,,,,,,,,,,,,,,,,,,,,,,,,,,,,,,,,,,,,,,,,,,,,,,,,,,,,,,,,,,,,,,,,,,,,,,,,,,
2022/12/30,,,,,,,,,,,,,,,,,,,,,,,,,,,,,,,,,,,,,,,,,,,,,,,,,,,,,,,,,,,,,,,,,,,,,,,,,,,
2022/12/31,,,,,,,,,,,,,,,,,,,,,,,,,,,,,,,,,,,,,,,,,,,,,,,,,,,,,,,,,,,,,,,,,,,,,,,,,,,
2023/1/1,,,,,,,,,,,,,,,,,,,,,,,,,,,,,,,,,,,,,,,,,,,,,,,,,,,,,,,,,,,,,,,,,,,,,,,,,,,
2023/1/2,,,,,,,,,,,,,,,,,,,,,,,,,,,,,,,,,,,,,,,,,,,,,,,,,,,,,,,,,,,,,,,,,,,,,,,,,,,
2023/1/3,,,,,,,,,,,,,,,,,,,,,,,,,,,,,,,,,,,,,,,,,,,,,,,,,,,,,,,,,,,,,,,,,,,,,,,,,,,
2023/1/4,,,,,,,,,,,,,,,,,,,,,,,,,,,,,,,,,,,,,,,,,,,,,,,,,,,,,,,,,,,,,,,,,,,,,,,,,,,
2023/1/5,,,,,,,,,,,,,,,,,,,,,,,,,,,,,,,,,,,,,,,,,,,,,,,,,,,,,,,,,,,,,,,,,,,,,,,,,,,
2023/1/6,,,,,,,,,,,,,,,,,,,,,,,,,,,,,,,,,,,,,,,,,,,,,,,,,,,,,,,,,,,,,,,,,,,,,,,,,,,
2023/1/7,,,,,,,,,,,,,,,,,,,,,,,,,,,,,,,,,,,,,,,,,,,,,,,,,,,,,,,,,,,,,,,,,,,,,,,,,,,
2023/1/8,,,,,,,,,,,,,,,,,,,,,,,,,,,,,,,,,,,,,,,,,,,,,,,,,,,,,,,,,,,,,,,,,,,,,,,,,,,
2023/1/9,,,,,,,,,,,,,,,,,,,,,,,,,,,,,,,,,,,,,,,,,,,,,,,,,,,,,,,,,,,,,,,,,,,,,,,,,,,
2023/1/10,,,,,,,,,,,,,,,,,,,,,,,,,,,,,,,,,,,,,,,,,,,,,,,,,,,,,,,,,,,,,,,,,,,,,,,,,,,
2023/1/11,,,,,,,,,,,,,,,,,,,,,,,,,,,,,,,,,,,,,,,,,,,,,,,,,,,,,,,,,,,,,,,,,,,,,,,,,,,
2023/1/12,,,,,,,,,,,,,,,,,,,,,,,,,,,,,,,,,,,,,,,,,,,,,,,,,,,,,,,,,,,,,,,,,,,,,,,,,,,
2023/1/13,,,,,,,,,,,,,,,,,,,,,,,,,,,,,,,,,,,,,,,,,,,,,,,,,,,,,,,,,,,,,,,,,,,,,,,,,,,
2023/1/14,,,,,,,,,,,,,,,,,,,,,,,,,,,,,,,,,,,,,,,,,,,,,,,,,,,,,,,,,,,,,,,,,,,,,,,,,,,
2023/1/15,,,,,,,,,,,,,,,,,,,,,,,,,,,,,,,,,,,,,,,,,,,,,,,,,,,,,,,,,,,,,,,,,,,,,,,,,,,
2023/1/16,,,,,,,,,,,,,,,,,,,,,,,,,,,,,,,,,,,,,,,,,,,,,,,,,,,,,,,,,,,,,,,,,,,,,,,,,,,
2023/1/17,,,,,,,,,,,,,,,,,,,,,,,,,,,,,,,,,,,,,,,,,,,,,,,,,,,,,,,,,,,,,,,,,,,,,,,,,,,
2023/1/18,,,,,,,,,,,,,,,,,,,,,,,,,,,,,,,,,,,,,,,,,,,,,,,,,,,,,,,,,,,,,,,,,,,,,,,,,,,
2023/1/19,,,,,,,,,,,,,,,,,,,,,,,,,,,,,,,,,,,,,,,,,,,,,,,,,,,,,,,,,,,,,,,,,,,,,,,,,,,
2023/1/20,,,,,,,,,,,,,,,,,,,,,,,,,,,,,,,,,,,,,,,,,,,,,,,,,,,,,,,,,,,,,,,,,,,,,,,,,,,
2023/1/21,,,,,,,,,,,,,,,,,,,,,,,,,,,,,,,,,,,,,,,,,,,,,,,,,,,,,,,,,,,,,,,,,,,,,,,,,,,
2023/1/22,,,,,,,,,,,,,,,,,,,,,,,,,,,,,,,,,,,,,,,,,,,,,,,,,,,,,,,,,,,,,,,,,,,,,,,,,,,
2023/1/23,,,,,,,,,,,,,,,,,,,,,,,,,,,,,,,,,,,,,,,,,,,,,,,,,,,,,,,,,,,,,,,,,,,,,,,,,,,
2023/1/24,,,,,,,,,,,,,,,,,,,,,,,,,,,,,,,,,,,,,,,,,,,,,,,,,,,,,,,,,,,,,,,,,,,,,,,,,,,
2023/1/25,,,,,,,,,,,,,,,,,,,,,,,,,,,,,,,,,,,,,,,,,,,,,,,,,,,,,,,,,,,,,,,,,,,,,,,,,,,
2023/1/26,,,,,,,,,,,,,,,,,,,,,,,,,,,,,,,,,,,,,,,,,,,,,,,,,,,,,,,,,,,,,,,,,,,,,,,,,,,
2023/1/27,,,,,,,,,,,,,,,,,,,,,,,,,,,,,,,,,,,,,,,,,,,,,,,,,,,,,,,,,,,,,,,,,,,,,,,,,,,
2023/1/28,,,,,,,,,,,,,,,,,,,,,,,,,,,,,,,,,,,,,,,,,,,,,,,,,,,,,,,,,,,,,,,,,,,,,,,,,,,
2023/1/29,,,,,,,,,,,,,,,,,,,,,,,,,,,,,,,,,,,,,,,,,,,,,,,,,,,,,,,,,,,,,,,,,,,,,,,,,,,
2023/1/30,,,,,,,,,,,,,,,,,,,,,,,,,,,,,,,,,,,,,,,,,,,,,,,,,,,,,,,,,,,,,,,,,,,,,,,,,,,
2023/1/31,,,,,,,,,,,,,,,,,,,,,,,,,,,,,,,,,,,,,,,,,,,,,,,,,,,,,,,,,,,,,,,,,,,,,,,,,,,
2023/2/1,,,,,,,,,,,,,,,,,,,,,,,,,,,,,,,,,,,,,,,,,,,,,,,,,,,,,,,,,,,,,,,,,,,,,,,,,,,
2023/2/2,,,,,,,,,,,,,,,,,,,,,,,,,,,,,,,,,,,,,,,,,,,,,,,,,,,,,,,,,,,,,,,,,,,,,,,,,,,
2023/2/3,,,,,,,,,,,,,,,,,,,,,,,,,,,,,,,,,,,,,,,,,,,,,,,,,,,,,,,,,,,,,,,,,,,,,,,,,,,
2023/2/4,,,,,,,,,,,,,,,,,,,,,,,,,,,,,,,,,,,,,,,,,,,,,,,,,,,,,,,,,,,,,,,,,,,,,,,,,,,
2023/2/5,,,,,,,,,,,,,,,,,,,,,,,,,,,,,,,,,,,,,,,,,,,,,,,,,,,,,,,,,,,,,,,,,,,,,,,,,,,
2023/2/6,,,,,,,,,,,,,,,,,,,,,,,,,,,,,,,,,,,,,,,,,,,,,,,,,,,,,,,,,,,,,,,,,,,,,,,,,,,
2023/2/7,,,,,,,,,,,,,,,,,,,,,,,,,,,,,,,,,,,,,,,,,,,,,,,,,,,,,,,,,,,,,,,,,,,,,,,,,,,
2023/2/8,,,,,,,,,,,,,,,,,,,,,,,,,,,,,,,,,,,,,,,,,,,,,,,,,,,,,,,,,,,,,,,,,,,,,,,,,,,
2023/2/9,,,,,,,,,,,,,,,,,,,,,,,,,,,,,,,,,,,,,,,,,,,,,,,,,,,,,,,,,,,,,,,,,,,,,,,,,,,
2023/2/10,,,,,,,,,,,,,,,,,,,,,,,,,,,,,,,,,,,,,,,,,,,,,,,,,,,,,,,,,,,,,,,,,,,,,,,,,,,
2023/2/11,,,,,,,,,,,,,,,,,,,,,,,,,,,,,,,,,,,,,,,,,,,,,,,,,,,,,,,,,,,,,,,,,,,,,,,,,,,
2023/2/12,,,,,,,,,,,,,,,,,,,,,,,,,,,,,,,,,,,,,,,,,,,,,,,,,,,,,,,,,,,,,,,,,,,,,,,,,,,
2023/2/13,,,,,,,,,,,,,,,,,,,,,,,,,,,,,,,,,,,,,,,,,,,,,,,,,,,,,,,,,,,,,,,,,,,,,,,,,,,
2023/2/14,,,,,,,,,,,,,,,,,,,,,,,,,,,,,,,,,,,,,,,,,,,,,,,,,,,,,,,,,,,,,,,,,,,,,,,,,,,
2023/2/15,,,,,,,,,,,,,,,,,,,,,,,,,,,,,,,,,,,,,,,,,,,,,,,,,,,,,,,,,,,,,,,,,,,,,,,,,,,
2023/2/16,,,,,,,,,,,,,,,,,,,,,,,,,,,,,,,,,,,,,,,,,,,,,,,,,,,,,,,,,,,,,,,,,,,,,,,,,,,
2023/2/17,,,,,,,,,,,,,,,,,,,,,,,,,,,,,,,,,,,,,,,,,,,,,,,,,,,,,,,,,,,,,,,,,,,,,,,,,,,
2023/2/18,,,,,,,,,,,,,,,,,,,,,,,,,,,,,,,,,,,,,,,,,,,,,,,,,,,,,,,,,,,,,,,,,,,,,,,,,,,
2023/2/19,,,,,,,,,,,,,,,,,,,,,,,,,,,,,,,,,,,,,,,,,,,,,,,,,,,,,,,,,,,,,,,,,,,,,,,,,,,
2023/2/20,,,,,,,,,,,,,,,,,,,,,,,,,,,,,,,,,,,,,,,,,,,,,,,,,,,,,,,,,,,,,,,,,,,,,,,,,,,
2023/2/21,,,,,,,,,,,,,,,,,,,,,,,,,,,,,,,,,,,,,,,,,,,,,,,,,,,,,,,,,,,,,,,,,,,,,,,,,,,
2023/2/22,,,,,,,,,,,,,,,,,,,,,,,,,,,,,,,,,,,,,,,,,,,,,,,,,,,,,,,,,,,,,,,,,,,,,,,,,,,
2023/2/23,,,,,,,,,,,,,,,,,,,,,,,,,,,,,,,,,,,,,,,,,,,,,,,,,,,,,,,,,,,,,,,,,,,,,,,,,,,
2023/2/24,,,,,,,,,,,,,,,,,,,,,,,,,,,,,,,,,,,,,,,,,,,,,,,,,,,,,,,,,,,,,,,,,,,,,,,,,,,
2023/2/25,,,,,,,,,,,,,,,,,,,,,,,,,,,,,,,,,,,,,,,,,,,,,,,,,,,,,,,,,,,,,,,,,,,,,,,,,,,
2023/2/26,,,,,,,,,,,,,,,,,,,,,,,,,,,,,,,,,,,,,,,,,,,,,,,,,,,,,,,,,,,,,,,,,,,,,,,,,,,
2023/2/27,,,,,,,,,,,,,,,,,,,,,,,,,,,,,,,,,,,,,,,,,,,,,,,,,,,,,,,,,,,,,,,,,,,,,,,,,,,
2023/2/28,,,,,,,,,,,,,,,,,,,,,,,,,,,,,,,,,,,,,,,,,,,,,,,,,,,,,,,,,,,,,,,,,,,,,,,,,,,
2023/3/1,,,,,,,,,,,,,,,,,,,,,,,,,,,,,,,,,,,,,,,,,,,,,,,,,,,,,,,,,,,,,,,,,,,,,,,,,,,
2023/3/2,,,,,,,,,,,,,,,,,,,,,,,,,,,,,,,,,,,,,,,,,,,,,,,,,,,,,,,,,,,,,,,,,,,,,,,,,,,
2023/3/3,,,,,,,,,,,,,,,,,,,,,,,,,,,,,,,,,,,,,,,,,,,,,,,,,,,,,,,,,,,,,,,,,,,,,,,,,,,
2023/3/4,,,,,,,,,,,,,,,,,,,,,,,,,,,,,,,,,,,,,,,,,,,,,,,,,,,,,,,,,,,,,,,,,,,,,,,,,,,
2023/3/5,,,,,,,,,,,,,,,,,,,,,,,,,,,,,,,,,,,,,,,,,,,,,,,,,,,,,,,,,,,,,,,,,,,,,,,,,,,
2023/3/6,,,,,,,,,,,,,,,,,,,,,,,,,,,,,,,,,,,,,,,,,,,,,,,,,,,,,,,,,,,,,,,,,,,,,,,,,,,
2023/3/7,,,,,,,,,,,,,,,,,,,,,,,,,,,,,,,,,,,,,,,,,,,,,,,,,,,,,,,,,,,,,,,,,,,,,,,,,,,
2023/3/8,,,,,,,,,,,,,,,,,,,,,,,,,,,,,,,,,,,,,,,,,,,,,,,,,,,,,,,,,,,,,,,,,,,,,,,,,,,
2023/3/9,,,,,,,,,,,,,,,,,,,,,,,,,,,,,,,,,,,,,,,,,,,,,,,,,,,,,,,,,,,,,,,,,,,,,,,,,,,
2023/3/10,,,,,,,,,,,,,,,,,,,,,,,,,,,,,,,,,,,,,,,,,,,,,,,,,,,,,,,,,,,,,,,,,,,,,,,,,,,
2023/3/11,,,,,,,,,,,,,,,,,,,,,,,,,,,,,,,,,,,,,,,,,,,,,,,,,,,,,,,,,,,,,,,,,,,,,,,,,,,
2023/3/12,,,,,,,,,,,,,,,,,,,,,,,,,,,,,,,,,,,,,,,,,,,,,,,,,,,,,,,,,,,,,,,,,,,,,,,,,,,
2023/3/13,,,,,,,,,,,,,,,,,,,,,,,,,,,,,,,,,,,,,,,,,,,,,,,,,,,,,,,,,,,,,,,,,,,,,,,,,,,
2023/3/14,,,,,,,,,,,,,,,,,,,,,,,,,,,,,,,,,,,,,,,,,,,,,,,,,,,,,,,,,,,,,,,,,,,,,,,,,,,
2023/3/15,,,,,,,,,,,,,,,,,,,,,,,,,,,,,,,,,,,,,,,,,,,,,,,,,,,,,,,,,,,,,,,,,,,,,,,,,,,
2023/3/16,,,,,,,,,,,,,,,,,,,,,,,,,,,,,,,,,,,,,,,,,,,,,,,,,,,,,,,,,,,,,,,,,,,,,,,,,,,
2023/3/17,,,,,,,,,,,,,,,,,,,,,,,,,,,,,,,,,,,,,,,,,,,,,,,,,,,,,,,,,,,,,,,,,,,,,,,,,,,
2023/3/18,,,,,,,,,,,,,,,,,,,,,,,,,,,,,,,,,,,,,,,,,,,,,,,,,,,,,,,,,,,,,,,,,,,,,,,,,,,
2023/3/19,,,,,,,,,,,,,,,,,,,,,,,,,,,,,,,,,,,,,,,,,,,,,,,,,,,,,,,,,,,,,,,,,,,,,,,,,,,
2023/3/20,,,,,,,,,,,,,,,,,,,,,,,,,,,,,,,,,,,,,,,,,,,,,,,,,,,,,,,,,,,,,,,,,,,,,,,,,,,
2023/3/21,,,,,,,,,,,,,,,,,,,,,,,,,,,,,,,,,,,,,,,,,,,,,,,,,,,,,,,,,,,,,,,,,,,,,,,,,,,
2023/3/22,,,,,,,,,,,,,,,,,,,,,,,,,,,,,,,,,,,,,,,,,,,,,,,,,,,,,,,,,,,,,,,,,,,,,,,,,,,
2023/3/23,,,,,,,,,,,,,,,,,,,,,,,,,,,,,,,,,,,,,,,,,,,,,,,,,,,,,,,,,,,,,,,,,,,,,,,,,,,
2023/3/24,,,,,,,,,,,,,,,,,,,,,,,,,,,,,,,,,,,,,,,,,,,,,,,,,,,,,,,,,,,,,,,,,,,,,,,,,,,
2023/3/25,,,,,,,,,,,,,,,,,,,,,,,,,,,,,,,,,,,,,,,,,,,,,,,,,,,,,,,,,,,,,,,,,,,,,,,,,,,
2023/3/26,,,,,,,,,,,,,,,,,,,,,,,,,,,,,,,,,,,,,,,,,,,,,,,,,,,,,,,,,,,,,,,,,,,,,,,,,,,
2023/3/27,,,,,,,,,,,,,,,,,,,,,,,,,,,,,,,,,,,,,,,,,,,,,,,,,,,,,,,,,,,,,,,,,,,,,,,,,,,
2023/3/28,,,,,,,,,,,,,,,,,,,,,,,,,,,,,,,,,,,,,,,,,,,,,,,,,,,,,,,,,,,,,,,,,,,,,,,,,,,
2023/3/29,,,,,,,,,,,,,,,,,,,,,,,,,,,,,,,,,,,,,,,,,,,,,,,,,,,,,,,,,,,,,,,,,,,,,,,,,,,
2023/3/30,,,,,,,,,,,,,,,,,,,,,,,,,,,,,,,,,,,,,,,,,,,,,,,,,,,,,,,,,,,,,,,,,,,,,,,,,,,
2023/3/31,,,,,,,,,,,,,,,,,,,,,,,,,,,,,,,,,,,,,,,,,,,,,,,,,,,,,,,,,,,,,,,,,,,,,,,,,,,
2023/4/1,,,,,,,,,,,,,,,,,,,,,,,,,,,,,,,,,,,,,,,,,,,,,,,,,,,,,,,,,,,,,,,,,,,,,,,,,,,
2023/4/2,,,,,,,,,,,,,,,,,,,,,,,,,,,,,,,,,,,,,,,,,,,,,,,,,,,,,,,,,,,,,,,,,,,,,,,,,,,
2023/4/3,,,,,,,,,,,,,,,,,,,,,,,,,,,,,,,,,,,,,,,,,,,,,,,,,,,,,,,,,,,,,,,,,,,,,,,,,,,
2023/4/4,,,,,,,,,,,,,,,,,,,,,,,,,,,,,,,,,,,,,,,,,,,,,,,,,,,,,,,,,,,,,,,,,,,,,,,,,,,
2023/4/5,,,,,,,,,,,,,,,,,,,,,,,,,,,,,,,,,,,,,,,,,,,,,,,,,,,,,,,,,,,,,,,,,,,,,,,,,,,
2023/4/6,,,,,,,,,,,,,,,,,,,,,,,,,,,,,,,,,,,,,,,,,,,,,,,,,,,,,,,,,,,,,,,,,,,,,,,,,,,
2023/4/7,,,,,,,,,,,,,,,,,,,,,,,,,,,,,,,,,,,,,,,,,,,,,,,,,,,,,,,,,,,,,,,,,,,,,,,,,,,
2023/4/8,,,,,,,,,,,,,,,,,,,,,,,,,,,,,,,,,,,,,,,,,,,,,,,,,,,,,,,,,,,,,,,,,,,,,,,,,,,
2023/4/9,,,,,,,,,,,,,,,,,,,,,,,,,,,,,,,,,,,,,,,,,,,,,,,,,,,,,,,,,,,,,,,,,,,,,,,,,,,
2023/4/10,,,,,,,,,,,,,,,,,,,,,,,,,,,,,,,,,,,,,,,,,,,,,,,,,,,,,,,,,,,,,,,,,,,,,,,,,,,
2023/4/11,,,,,,,,,,,,,,,,,,,,,,,,,,,,,,,,,,,,,,,,,,,,,,,,,,,,,,,,,,,,,,,,,,,,,,,,,,,
2023/4/12,,,,,,,,,,,,,,,,,,,,,,,,,,,,,,,,,,,,,,,,,,,,,,,,,,,,,,,,,,,,,,,,,,,,,,,,,,,
2023/4/13,,,,,,,,,,,,,,,,,,,,,,,,,,,,,,,,,,,,,,,,,,,,,,,,,,,,,,,,,,,,,,,,,,,,,,,,,,,
2023/4/14,,,,,,,,,,,,,,,,,,,,,,,,,,,,,,,,,,,,,,,,,,,,,,,,,,,,,,,,,,,,,,,,,,,,,,,,,,,
2023/4/15,,,,,,,,,,,,,,,,,,,,,,,,,,,,,,,,,,,,,,,,,,,,,,,,,,,,,,,,,,,,,,,,,,,,,,,,,,,
2023/4/16,,,,,,,,,,,,,,,,,,,,,,,,,,,,,,,,,,,,,,,,,,,,,,,,,,,,,,,,,,,,,,,,,,,,,,,,,,,
2023/4/17,,,,,,,,,,,,,,,,,,,,,,,,,,,,,,,,,,,,,,,,,,,,,,,,,,,,,,,,,,,,,,,,,,,,,,,,,,,
2023/4/18,,,,,,,,,,,,,,,,,,,,,,,,,,,,,,,,,,,,,,,,,,,,,,,,,,,,,,,,,,,,,,,,,,,,,,,,,,,
2023/4/19,,,,,,,,,,,,,,,,,,,,,,,,,,,,,,,,,,,,,,,,,,,,,,,,,,,,,,,,,,,,,,,,,,,,,,,,,,,
2023/4/20,,,,,,,,,,,,,,,,,,,,,,,,,,,,,,,,,,,,,,,,,,,,,,,,,,,,,,,,,,,,,,,,,,,,,,,,,,,
2023/4/21,,,,,,,,,,,,,,,,,,,,,,,,,,,,,,,,,,,,,,,,,,,,,,,,,,,,,,,,,,,,,,,,,,,,,,,,,,,
2023/4/22,,,,,,,,,,,,,,,,,,,,,,,,,,,,,,,,,,,,,,,,,,,,,,,,,,,,,,,,,,,,,,,,,,,,,,,,,,,
2023/4/23,,,,,,,,,,,,,,,,,,,,,,,,,,,,,,,,,,,,,,,,,,,,,,,,,,,,,,,,,,,,,,,,,,,,,,,,,,,
2023/4/24,,,,,,,,,,,,,,,,,,,,,,,,,,,,,,,,,,,,,,,,,,,,,,,,,,,,,,,,,,,,,,,,,,,,,,,,,,,
2023/4/25,,,,,,,,,,,,,,,,,,,,,,,,,,,,,,,,,,,,,,,,,,,,,,,,,,,,,,,,,,,,,,,,,,,,,,,,,,,
2023/4/26,,,,,,,,,,,,,,,,,,,,,,,,,,,,,,,,,,,,,,,,,,,,,,,,,,,,,,,,,,,,,,,,,,,,,,,,,,,
2023/4/27,,,,,,,,,,,,,,,,,,,,,,,,,,,,,,,,,,,,,,,,,,,,,,,,,,,,,,,,,,,,,,,,,,,,,,,,,,,
2023/4/28,,,,,,,,,,,,,,,,,,,,,,,,,,,,,,,,,,,,,,,,,,,,,,,,,,,,,,,,,,,,,,,,,,,,,,,,,,,
2023/4/29,,,,,,,,,,,,,,,,,,,,,,,,,,,,,,,,,,,,,,,,,,,,,,,,,,,,,,,,,,,,,,,,,,,,,,,,,,,
2023/4/30,,,,,,,,,,,,,,,,,,,,,,,,,,,,,,,,,,,,,,,,,,,,,,,,,,,,,,,,,,,,,,,,,,,,,,,,,,,
2023/5/1,,,,,,,,,,,,,,,,,,,,,,,,,,,,,,,,,,,,,,,,,,,,,,,,,,,,,,,,,,,,,,,,,,,,,,,,,,,
2023/5/2,,,,,,,,,,,,,,,,,,,,,,,,,,,,,,,,,,,,,,,,,,,,,,,,,,,,,,,,,,,,,,,,,,,,,,,,,,,
2023/5/3,,,,,,,,,,,,,,,,,,,,,,,,,,,,,,,,,,,,,,,,,,,,,,,,,,,,,,,,,,,,,,,,,,,,,,,,,,,
2023/5/4,,,,,,,,,,,,,,,,,,,,,,,,,,,,,,,,,,,,,,,,,,,,,,,,,,,,,,,,,,,,,,,,,,,,,,,,,,,
2023/5/5,,,,,,,,,,,,,,,,,,,,,,,,,,,,,,,,,,,,,,,,,,,,,,,,,,,,,,,,,,,,,,,,,,,,,,,,,,,
2023/5/6,,,,,,,,,,,,,,,,,,,,,,,,,,,,,,,,,,,,,,,,,,,,,,,,,,,,,,,,,,,,,,,,,,,,,,,,,,,
2023/5/7,,,,,,,,,,,,,,,,,,,,,,,,,,,,,,,,,,,,,,,,,,,,,,,,,,,,,,,,,,,,,,,,,,,,,,,,,,,
2023/5/8,,,,,,,,,,,,,,,,,,,,,,,,,,,,,,,,,,,,,,,,,,,,,,,,,,,,,,,,,,,,,,,,,,,,,,,,,,,